업체 명부 번호,생산시작시기_유리사상체,생산계획량_유리사상체,생산량_유리사상체,육상시설 면적_유리사상체,해상 면적(가이식 시설)_유리사상체,종자생산방식_유리사상체_1,종자생산방식_유리사상체_2,종자생산방식_유리사상체_3,종자생산방식_유리사상체_4,종자생산방식_기타,국내_판매량_유리사상체,국내_판매금액_유리사상체,국내_생산시점_유리사상체,국내_판매방법_유리사상체_1,국내_판매방법_유리사상체_2,국내_판매방법_유리사상체_3,국내_판매처_유리사상체_1,국내_판매처_유리사상체_2,국내_판매처_유리사상체_3,국내_판매처_유리사상체_기타,국내_운송방법_유리사상체_1,국내_운송방법_유리사상체_2,국내_운송방법_유리사상체_3,국내_운송방법_유리사상체_기타,국내_판매_출하시기_유리사상체,해외_판매량_유리사상체,해외_판매금액_유리사상체,해외_생산시점_유리사상체,해외_판매_출하시기_유리사상체,자가활용현황 및 활용량_유리사상체,전체 폐사량_유리사상체,원인별폐사량_자연감모_유리사상체,원인별폐사량_질병_유리사상체,원인별폐사량_자연재해_유리사상체,원인별폐사량_외부사고_유리사상체,선별_폐기량 현황_유리사상체,냉_가온 여부_유리사상체,사육수온_유리사상체,모조 보유 현황_유리사상체,모조 구입현황_국내_수량_유리사상체,모조 구입현황_국내_구입금액_유리사상체,모조 구입현황_해외_수량_유리사상체,모조 구입현황_해외_구입금액_유리사상체,영양제 금액_유리사상체,기타 금액_유리사상체,영양제_공급안항_유리사상체,영양제 구입 합계_유리사상체,생산시작시기_해상채묘용 패각사상체,생산계획량_해상채묘용 패각사상체,생산량_해상채묘용 패각사상체,육상시설 면적_해상채묘용 패각사상체,해상 면적(가이식 시설)_해상채묘용 패각사상체,종자생산방식_해상채묘용_1,종자생산방식_해상채묘용_2,종자생산방식_해상채묘용_3,종자생산방식_해상채묘용_4,종자생산방식_해상채묘용_기타,국내_판매량_해상채묘용,국내_판매금액_해상채묘용,국내_생산시점_해상채묘용,국내_판매방법_해상채묘용_1,국내_판매방법_해상채묘용_2,국내_판매방법_해상채묘용_3,국내_판매처_해상채묘용_1,국내_판매처_해상채묘용_2,국내_판매처_해상채묘용_3,국내_판매처_해상채묘용_기타,국내_운송방법_해상채묘용_1,국내_운송방법_해상채묘용_2,국내_운송방법_해상채묘용_3,국내_운송방법_해상채묘용_기타,국내_판매_출하시기_해상채묘용,해외_판매량_해상채묘용,해외_판매금액_해상채묘용,해외_생산시점_해상채묘용,해외_판매_출하시기_해상채묘용,자가활용현황 및 활용량_해상채묘용,전체 폐사량_해상채묘용,원인별폐사량_자연감모_해상채묘용,원인별폐사량_질병_해상채묘용,원인별폐사량_자연재해_해상채묘용,원인별폐사량_외부사고_해상채묘용,선별_폐기량 현황_해상채묘용,냉_가온 여부_해상채묘용,사육수온_해상채묘용,모조 보유 현황_ 해상채묘용,모조 구입현황_국내_수량_해상채묘용,모조 구입현황_국내_구입금액_해상채묘용,모조 구입현황_해외_수량_해상채묘용,모조 구입현황_해외_구입금액_해상채묘용,영양제 금액_해상채묘용,기타 금액_해상채묘용,영양제_공급안항_해상채묘용,영양제 구입 합계_해상채묘용,생산시작시기_육상채묘용 패각사상체,생산계획량_육상채묘용 패각사상체_패,생산계획량_육상채묘용 패각사상체_책(김발),생산량_육상채묘용 패각사상체_패,생산량_육상채묘용 패각사상체_책(김발),육상시설 면적_육상채묘용 패각사상체,해상 면적(가이식 시설)_육상채묘용 패각사상체,종자생산방식_육상채묘용_1,종자생산방식_육상채묘용_2,종자생산방식_육상채묘용_3,종자생산방식_육상채묘용_4,종자생산방식_기타,국내_판매량_육상채묘용_패,판매량_육상채묘용_책(김발),국내_판매금액_육상채묘용,국내_생산시점_육상채묘용,국내_판매방법_육상채묘용_1,국내_판매방법_육상채묘용_2,국내_판매방법_육상채묘용_3,국내_판매처_육상채묘용_1,국내_판매처_육상채묘용_2,국내_판매처_육상채묘용_3,국내_판매처_육상채묘용_기타,국내_운송방법_육상채묘용_1,국내_운송방법_육상채묘용_2,국내_운송방법_육상채묘용_3,국내_운송방법_육상채묘용_기타,국내_판매_출하시기_육상채묘용,해외_판매량_육상채묘용_패,해외_판매량_육상채묘용_책(김발),해외_판매금액_육상채묘용,해외_생산시점_육상채묘용,해외_판매_출하시기_육상채묘용,자가활용현황 및 활용량_육상채묘용_패,자가활용현황 및 활용량_육상채묘용_책(김발),전체 폐사량_육상채묘용,원인별폐사량_자연감모_육상채묘용,원인별폐사량_질병_육상채묘용,원인별폐사량_자연재해_육상채묘용,원인별폐사량_외부사고_육상채묘용,선별_폐기량 현황_육상채묘용_패,선별_폐기량 현황_육상채묘용_책(김발),냉_가온 여부_육상채묘용,사육수온_육상채묘용,모조 보유 현황_ 육상채묘용,모조 구입현황_국내_수량_육상채묘용,모조 구입현황_국내_구입금액_육상채묘용,모조 구입현황_해외_수량_육상채묘용,모조 구입현황_해외_구입금액_육상채묘용,영양제 금액_육상채묘용,기타 금액_육상채묘용,영양제_공급안항_육상채묘용,영양제 구입 합계_육상채묘용,생산비_인건비,"생산비_모조(엽체), 유리 사상체 구입비",생산비_영양제 구입비,생산비_냉난방비,생산비_자재 구입비,생산비_약품비,생산비_위탁수수료,생산비_차량운반비,기타,생산비_기타,생산비_합계,향후 예정 생산량_유리사상체,향후 예정 생산량_해상채묘용,향후 예정 생산량_육상채묘용_패,향후 예정 생산량_육상채묘용_책(김발)
0178-07000100,해당없음,해당없음,해당없음,해당없음,해당없음,7,,,,,해당없음,해당없음,7,7,,,7,,,,7,,,,해당없음,해당없음,해당없음,7,해당없음,해당없음,해당없음,해당없음,해당없음,해당없음,해당없음,해당없음,7,해당없음,해당없음,해당없음,해당없음,해당없음,해당없음,해당없음,해당없음,해당없음,해당없음,3,30000,29000,2300,해당없음,1,,,,,29000,11600,2,1,,,1,,,,1,,,,9,해당없음,해당없음,7,해당없음,해당없음,3,0,3,0,0,해당없음,4,해당없음,10,10,50,해당없음,해당없음,해당없음,해당없음,0,해당없음,해당없음,해당없음,해당없음,해당없음,해당없음,해당없음,해당없음,7,,,,,해당없음,해당없음,해당없음,7,7,,,7,,,,7,,,,해당없음,해당없음,해당없음,해당없음,7,해당없음,해당없음,해당없음,해당없음,해당없음,해당없음,해당없음,해당없음,해당없음,해당없음,7,해당없음,해당없음,해당없음,해당없음,해당없음,해당없음,해당없음,해당없음,해당없음,해당없음,1120,450,0,0,3200,200,0,150,기타,200,5320,해당없음,30000,해당없음,해당없음
0330-06000100,3,120,120,20,해당없음,1,,,,,120,240,1,1,,,1,,,,1,,,,3,해당없음,해당없음,7,해당없음,해당없음,해당없음,해당없음,해당없음,해당없음,해당없음,해당없음,4,해당없음,해당없음,해당없음,해당없음,해당없음,해당없음,100,0,0,100,해당없음,해당없음,해당없음,해당없음,해당없음,7,,,,,해당없음,해당없음,7,7,,,7,,,,7,,,,해당없음,해당없음,해당없음,7,해당없음,해당없음,해당없음,해당없음,해당없음,해당없음,해당없음,해당없음,7,해당없음,해당없음,해당없음,해당없음,해당없음,해당없음,해당없음,해당없음,해당없음,해당없음,해당없음,해당없음,해당없음,해당없음,해당없음,해당없음,해당없음,7,,,,,해당없음,해당없음,해당없음,7,7,,,7,,,,7,,,,해당없음,해당없음,해당없음,해당없음,7,해당없음,해당없음,해당없음,해당없음,해당없음,해당없음,해당없음,해당없음,해당없음,해당없음,7,해당없음,해당없음,해당없음,해당없음,해당없음,해당없음,해당없음,해당없음,해당없음,해당없음,200,0,100,0,100,0,0,10,해수비,100,510,150,해당없음,해당없음,해당없음
0412-09000100,3,500,500,15,해당없음,6,,,,유리병,500,1500,1,1,,,1,,,,1,,,,7,0,0,7,해당없음,0,50,0,40,0,10,0,3,20,0,0,0,0,0,20,0,0,20,해당없음,해당없음,해당없음,해당없음,해당없음,7,,,,,해당없음,해당없음,7,7,,,7,,,,7,,,,해당없음,0,0,7,해당없음,0,해당없음,해당없음,해당없음,해당없음,해당없음,해당없음,7,해당없음,0,0,0,0,0,0,0,0,0,해당없음,해당없음,해당없음,해당없음,해당없음,해당없음,해당없음,7,,,,,해당없음,해당없음,해당없음,7,7,,,7,,,,7,,,,해당없음,0,0,0,7,해당없음,0,0,해당없음,해당없음,해당없음,해당없음,해당없음,해당없음,해당없음,7,해당없음,0,0,0,0,0,0,0,0,0,0,0,20,30,0,100,0,0,0,0,150,1000,해당없음,해당없음,해당없음
0413-09000100,해당없음,해당없음,해당없음,0,0,7,,,,,0,0,7,7,,,7,,,,7,,,,해당없음,0,0,7,해당없음,0,해당없음,해당없음,해당없음,해당없음,해당없음,0,7,해당없음,0,0,0,0,0,0,0,0,0,3,50000,50000,664,0,1,,,,,48000,19200,1,1,,,1,,,,1,,,,9,0,0,7,해당없음,0,5,5,0,0,0,2000,4,해당없음,0,0,0,0,0,300,0,0,300,해당없음,해당없음,해당없음,해당없음,해당없음,0,0,7,,,,,0,0,0,7,7,,,7,,,,7,,,,해당없음,0,0,0,7,해당없음,0,0,해당없음,해당없음,해당없음,해당없음,해당없음,0,0,7,해당없음,0,0,0,0,0,0,0,0,0,2100,1200,300,240,1800,150,0,500,운영비,200,6490,0,48000,0,0
0414-09000100,3,1000,1000,13,해당없음,6,,,,유리병,1000,2000,1,1,,,1,,,,1,,,,3,0,0,7,해당없음,0,5,0,5,0,0,200,3,20,0,0,0,0,0,100,0,0,100,해당없음,해당없음,해당없음,0,0,7,,,,,0,0,7,7,,,7,,,,7,,,,해당없음,0,0,7,해당없음,0,해당없음,해당없음,해당없음,해당없음,해당없음,0,7,해당없음,0,0,0,0,0,0,0,0,0,해당없음,해당없음,해당없음,해당없음,해당없음,0,0,7,,,,,0,0,0,7,7,,,7,,,,7,,,,해당없음,0,0,0,7,해당없음,0,0,해당없음,해당없음,해당없음,해당없음,해당없음,0,0,7,해당없음,0,0,0,0,0,0,0,0,0,0,0,100,150,100,30,0,0,운영비,60,440,1000,0,0,0
0415-09000100,3,8000,7000,6,0,6,,,,유리병,7000,14000,1,1,,,1,,,,1,,,,3,0,0,7,해당없음,0,20,0,20,0,0,200,3,20,0,0,0,0,0,100,0,0,100,해당없음,해당없음,해당없음,0,0,7,,,,,0,0,7,7,,,7,,,,7,,,,해당없음,0,0,7,해당없음,0,해당없음,해당없음,해당없음,해당없음,해당없음,해당없음,7,해당없음,0,0,0,0,0,0,0,0,0,해당없음,해당없음,해당없음,해당없음,해당없음,0,0,7,,,,,0,0,0,7,7,,,7,,,,7,,,,해당없음,0,0,0,7,해당없음,0,0,해당없음,해당없음,해당없음,해당없음,해당없음,해당없음,해당없음,7,해당없음,0,0,0,0,0,0,0,0,0,0,0,100,250,150,50,0,0,운영비,120,670,5000,0,0,0
0416-09000100,2,6000,5000,15,0,6,,,,유리병,3680,6800,1,1,,,1,,,,1,,,,3,0,0,7,해당없음,0,6,0,6,0,0,300,3,20,0,0,0,0,0,150,0,0,150,해당없음,해당없음,해당없음,0,0,7,,,,,해당없음,해당없음,7,7,,,7,,,,7,,,,해당없음,0,0,7,해당없음,0,해당없음,해당없음,해당없음,해당없음,해당없음,0,7,해당없음,0,0,0,0,0,0,0,0,0,해당없음,해당없음,해당없음,해당없음,해당없음,0,0,7,,,,,해당없음,해당없음,해당없음,7,7,,,7,,,,7,,,,해당없음,0,0,0,7,해당없음,0,0,해당없음,해당없음,해당없음,해당없음,해당없음,0,0,7,해당없음,0,0,0,0,0,0,0,0,0,0,0,150,120,250,20,0,0,운영비,150,690,5000,0,0,0
0417-09000100,해당없음,해당없음,해당없음,0,0,7,,,,,해당없음,해당없음,7,7,,,7,,,,7,,,,해당없음,해당없음,해당없음,7,해당없음,0,해당없음,해당없음,해당없음,해당없음,해당없음,해당없음,7,해당없음,0,0,0,0,0,0,0,0,0,3,10000,10000,1650,0,1,,,,,3000,1200,1,1,,,1,,,,1,,,,9,해당없음,해당없음,7,해당없음,7000,5,2,3,0,0,해당없음,4,해당없음,0,0,0,0,0,30,0,0,30,해당없음,해당없음,해당없음,해당없음,해당없음,0,0,7,,,,,해당없음,해당없음,해당없음,7,7,,,7,,,,7,,,,해당없음,해당없음,해당없음,해당없음,7,해당없음,0,0,해당없음,해당없음,해당없음,해당없음,해당없음,해당없음,해당없음,7,해당없음,0,0,0,0,0,0,0,0,0,300,210,30,110,150,20,0,0,운영비,50,870,0,20000,0,0
0418-09000100,해당없음,해당없음,해당없음,해당없음,해당없음,7,,,,,해당없음,해당없음,7,7,,,7,,,,7,,,,해당없음,해당없음,해당없음,7,해당없음,해당없음,해당없음,해당없음,해당없음,해당없음,해당없음,해당없음,7,해당없음,0,0,0,0,0,0,0,0,0,3,50000,48000,1582,해당없음,1,,,,,49000,19600,1,1,,,1,,,,1,,,,9,해당없음,해당없음,7,해당없음,해당없음,2,0,1,1,0,1000,4,해당없음,0,0,0,0,0,400,0,0,400,해당없음,해당없음,해당없음,해당없음,해당없음,해당없음,해당없음,7,,,,,해당없음,해당없음,해당없음,7,7,,,7,,,,7,,,,해당없음,해당없음,해당없음,해당없음,7,해당없음,해당없음,해당없음,해당없음,해당없음,해당없음,해당없음,해당없음,해당없음,해당없음,7,해당없음,0,0,0,0,0,0,0,0,0,2200,1000,400,210,2350,140,0,510,운영비,260,7070,0,50000,0,0
0646-09000100,해당없음,해당없음,해당없음,해당없음,해당없음,7,,,,,해당없음,해당없음,7,7,,,7,,,,7,,,,해당없음,해당없음,해당없음,7,해당없음,해당없음,해당없음,해당없음,해당없음,해당없음,해당없음,해당없음,7,해당없음,해당없음,해당없음,해당없음,해당없음,해당없음,0,0,0,0,해당없음,해당없음,해당없음,해당없음,해당없음,7,,,,,해당없음,해당없음,7,7,,,7,,,,7,,,,해당없음,해당없음,해당없음,7,해당없음,해당없음,해당없음,해당없음,해당없음,해당없음,해당없음,해당없음,7,해당없음,해당없음,해당없음,해당없음,해당없음,해당없음,0,0,0,0,3,300000,해당없음,300000,해당없음,330,해당없음,1,,,,,200000,해당없음,3000,1,1,,,1,,,,1,,,,9,해당없음,해당없음,해당없음,7,해당없음,100000,해당없음,5,5,0,0,0,해당없음,해당없음,4,해당없음,0.1,0.1,400,해당없음,해당없음,100,0,0,100,1100,400,100,110,900,0,0,0,운영비,50,2660,해당없음,해당없음,300000,해당없음
0664-09000100,해당없음,해당없음,해당없음,해당없음,해당없음,7,,,,,해당없음,해당없음,7,7,,,7,,,,7,,,,해당없음,해당없음,해당없음,7,해당없음,해당없음,해당없음,해당없음,해당없음,해당없음,해당없음,해당없음,7,해당없음,해당없음,해당없음,해당없음,해당없음,해당없음,0,0,0,0,3,20000,20000,462,해당없음,1,,,,,15000,6000,1,1,,,1,,,,1,,,,9,해당없음,해당없음,7,해당없음,5000,5,5,0,0,0,해당없음,7,해당없음,해당없음,해당없음,해당없음,해당없음,해당없음,100,0,0,100,해당없음,해당없음,해당없음,해당없음,해당없음,해당없음,해당없음,7,,,,,해당없음,해당없음,해당없음,7,7,,,7,,,,7,,,,해당없음,해당없음,해당없음,해당없음,7,해당없음,해당없음,해당없음,해당없음,해당없음,해당없음,해당없음,해당없음,해당없음,해당없음,7,해당없음,해당없음,해당없음,해당없음,해당없음,해당없음,0,0,0,0,1410,400,100,20,700,0,0,150,운영비,100,2880,해당없음,20000,해당없음,해당없음
1150-09000100,해당없음,해당없음,해당없음,해당없음,해당없음,7,,,,,해당없음,해당없음,7,7,,,7,,,,7,,,,해당없음,해당없음,해당없음,7,해당없음,해당없음,해당없음,해당없음,해당없음,해당없음,해당없음,해당없음,7,해당없음,해당없음,해당없음,해당없음,해당없음,해당없음,0,0,0,0,해당없음,해당없음,해당없음,해당없음,해당없음,7,,,,,해당없음,해당없음,7,7,,,7,,,,7,,,,해당없음,해당없음,해당없음,7,해당없음,해당없음,해당없음,해당없음,해당없음,해당없음,해당없음,해당없음,7,해당없음,해당없음,해당없음,해당없음,해당없음,해당없음,0,0,0,0,3,10000000,2000000,해당없음,해당없음,1650,600000,1,,,,,1000000,200,500,1,1,,,3,,,어민,2,,,,11,해당없음,해당없음,해당없음,7,해당없음,해당없음,해당없음,20,0,10,10,0,해당없음,해당없음,3,18,해당없음,해당없음,해당없음,해당없음,해당없음,3000,0,0,3000,500,200,300,200,100,0,0,100,0,0,1400,해당없음,해당없음,100000,해당없음
1215-09000100,해당없음,해당없음,해당없음,해당없음,해당없음,7,,,,,해당없음,해당없음,7,7,,,7,,,,7,,,,해당없음,해당없음,해당없음,7,해당없음,해당없음,해당없음,해당없음,해당없음,해당없음,해당없음,해당없음,7,해당없음,해당없음,해당없음,해당없음,해당없음,해당없음,0,0,0,0,해당없음,해당없음,해당없음,해당없음,해당없음,7,,,,,해당없음,해당없음,7,7,,,7,,,,7,,,,해당없음,해당없음,해당없음,7,해당없음,해당없음,해당없음,해당없음,해당없음,해당없음,해당없음,해당없음,7,해당없음,해당없음,해당없음,해당없음,해당없음,해당없음,0,0,0,0,3,700000,무응답,700000,무응답,660,해당없음,1,,,,,700000,무응답,30000,1,1,,,1,,,,1,,,,9,해당없음,해당없음,해당없음,7,해당없음,해당없음,해당없음,해당없음,해당없음,해당없음,해당없음,해당없음,무응답,무응답,2,24,해당없음,해당없음,해당없음,해당없음,해당없음,2000,0,0,2000,2000,250,2000,600,400,500,0,0,비용,2000,7750,해당없음,해당없음,700000,무응답
1222-09000100,해당없음,해당없음,해당없음,해당없음,해당없음,7,,,,,해당없음,해당없음,7,7,,,7,,,,7,,,,해당없음,해당없음,해당없음,7,해당없음,해당없음,해당없음,해당없음,해당없음,해당없음,해당없음,해당없음,7,해당없음,해당없음,해당없음,해당없음,해당없음,해당없음,0,0,0,0,해당없음,해당없음,해당없음,해당없음,해당없음,7,,,,,해당없음,해당없음,7,7,,,7,,,,7,,,,해당없음,해당없음,해당없음,7,해당없음,해당없음,해당없음,해당없음,해당없음,해당없음,해당없음,해당없음,7,해당없음,해당없음,해당없음,해당없음,해당없음,해당없음,0,0,0,0,3,7500,무응답,15833.33333,무응답,844,해당없음,1,,,,,15833.33333,무응답,3000,1,1,,,3,,,직접,1,,,,9,해당없음,해당없음,해당없음,7,해당없음,해당없음,해당없음,해당없음,해당없음,해당없음,해당없음,해당없음,해당없음,해당없음,3,19,해당없음,해당없음,해당없음,해당없음,해당없음,6,0,0,6,120,160,6,5,450,20,0,0,0,0,761,해당없음,해당없음,7500,무응답
1223-09000100,해당없음,해당없음,해당없음,해당없음,해당없음,7,,,,,해당없음,해당없음,7,7,,,7,,,,7,,,,해당없음,해당없음,해당없음,7,해당없음,해당없음,해당없음,해당없음,해당없음,해당없음,해당없음,해당없음,7,해당없음,해당없음,해당없음,해당없음,해당없음,해당없음,0,0,0,0,해당없음,해당없음,해당없음,해당없음,해당없음,7,,,,,해당없음,해당없음,7,7,,,7,,,,7,,,,해당없음,해당없음,해당없음,7,해당없음,해당없음,해당없음,해당없음,해당없음,해당없음,해당없음,해당없음,7,해당없음,해당없음,해당없음,해당없음,해당없음,해당없음,0,0,0,0,3,8000,무응답,8000,무응답,500,해당없음,1,,,,,8000,무응답,3000,1,1,,,3,,,직접,1,,,,9,해당없음,해당없음,해당없음,7,해당없음,해당없음,해당없음,해당없음,해당없음,해당없음,해당없음,해당없음,해당없음,해당없음,7,해당없음,해당없음,해당없음,해당없음,해당없음,해당없음,50,0,0,50,300,100,50,0,100,10,0,0,0,0,560,해당없음,해당없음,8000,무응답
1224-09000100,해당없음,해당없음,해당없음,해당없음,해당없음,7,,,,,해당없음,해당없음,7,7,,,7,,,,7,,,,해당없음,해당없음,해당없음,7,해당없음,해당없음,해당없음,해당없음,해당없음,해당없음,해당없음,해당없음,7,해당없음,해당없음,해당없음,해당없음,해당없음,해당없음,0,0,0,0,해당없음,해당없음,해당없음,해당없음,해당없음,7,,,,,해당없음,해당없음,7,7,,,7,,,,7,,,,해당없음,해당없음,해당없음,7,해당없음,해당없음,해당없음,해당없음,해당없음,해당없음,해당없음,해당없음,7,해당없음,해당없음,해당없음,해당없음,해당없음,해당없음,0,0,0,0,3,8500,해당없음,15833.33333,해당없음,504,해당없음,1,,,,,15833.33333,무응답,3400,1,1,,,3,,,직접,1,,,,9,해당없음,해당없음,해당없음,7,해당없음,해당없음,해당없음,해당없음,해당없음,해당없음,해당없음,해당없음,해당없음,해당없음,3,21,해당없음,해당없음,해당없음,해당없음,해당없음,6,0,0,6,120,180,6,5,490,30,0,0,0,0,831,해당없음,해당없음,8500,무응답
1230-09000100,해당없음,해당없음,해당없음,해당없음,해당없음,7,,,,,해당없음,해당없음,7,7,,,7,,,,7,,,,해당없음,해당없음,해당없음,7,해당없음,해당없음,해당없음,해당없음,해당없음,해당없음,해당없음,해당없음,7,해당없음,해당없음,해당없음,해당없음,해당없음,해당없음,0,0,0,0,해당없음,해당없음,해당없음,해당없음,해당없음,7,,,,,해당없음,해당없음,7,7,,,7,,,,7,,,,해당없음,해당없음,해당없음,7,해당없음,해당없음,해당없음,해당없음,해당없음,해당없음,해당없음,해당없음,7,해당없음,해당없음,해당없음,해당없음,해당없음,해당없음,0,0,0,0,3,2100,무응답,15833.33333,무응답,839,해당없음,1,,,,,15833.33333,무응답,8400,1,1,,,3,,,직접,1,,,,9,해당없음,해당없음,해당없음,7,해당없음,해당없음,해당없음,해당없음,해당없음,해당없음,해당없음,해당없음,해당없음,해당없음,3,19,해당없음,해당없음,해당없음,해당없음,해당없음,6,0,0,6,200,450,6,7,1300,40,0,30,0,0,2033,해당없음,해당없음,49000,무응답
1232-09000100,해당없음,해당없음,해당없음,해당없음,해당없음,7,,,,,해당없음,해당없음,7,7,,,7,,,,7,,,,해당없음,해당없음,해당없음,7,해당없음,해당없음,해당없음,해당없음,해당없음,해당없음,해당없음,해당없음,7,해당없음,해당없음,해당없음,해당없음,해당없음,해당없음,0,0,0,0,해당없음,해당없음,해당없음,해당없음,해당없음,7,,,,,해당없음,해당없음,7,7,,,7,,,,7,,,,해당없음,해당없음,해당없음,7,해당없음,해당없음,해당없음,해당없음,해당없음,해당없음,해당없음,해당없음,7,해당없음,해당없음,해당없음,해당없음,해당없음,해당없음,0,0,0,0,9,18000,무응답,18000,무응답,810,해당없음,1,,,,,18000,무응답,5000,1,1,,,1,,,,1,,,,9,해당없음,해당없음,해당없음,7,해당없음,해당없음,해당없음,해당없음,해당없음,해당없음,해당없음,해당없음,해당없음,해당없음,4,해당없음,해당없음,해당없음,해당없음,해당없음,해당없음,30,20,0,50,1000,2000,50,110,200,0,0,0,0,0,3360,해당없음,해당없음,20000,무응답
1233-09000100,해당없음,해당없음,해당없음,해당없음,해당없음,7,,,,,해당없음,해당없음,7,7,,,7,,,,7,,,,해당없음,해당없음,해당없음,7,해당없음,해당없음,해당없음,해당없음,해당없음,해당없음,해당없음,해당없음,7,해당없음,해당없음,해당없음,해당없음,해당없음,해당없음,0,0,0,0,3,10000,10000,4000,해당없음,1,,,,,10000,4500,1,1,,,1,,,,1,,,,9,해당없음,해당없음,7,해당없음,해당없음,20,0,10,10,0,해당없음,4,해당없음,해당없음,해당없음,해당없음,해당없음,해당없음,100,0,0,100,해당없음,해당없음,해당없음,해당없음,해당없음,해당없음,해당없음,7,,,,,해당없음,해당없음,해당없음,7,7,,,7,,,,7,,,,해당없음,해당없음,해당없음,해당없음,7,해당없음,해당없음,해당없음,해당없음,해당없음,해당없음,해당없음,해당없음,해당없음,해당없음,7,해당없음,해당없음,해당없음,해당없음,해당없음,해당없음,0,0,0,0,500,1200,100,150,500,0,0,0,0,0,2450,해당없음,10000,해당없음,해당없음
1245-09000100,해당없음,해당없음,해당없음,해당없음,해당없음,7,,,,,해당없음,해당없음,7,7,,,7,,,,7,,,,해당없음,해당없음,해당없음,7,해당없음,해당없음,해당없음,해당없음,해당없음,해당없음,해당없음,해당없음,7,해당없음,해당없음,해당없음,200,해당없음,해당없음,0,0,0,0,3,60000,60000,26400,해당없음,1,,,,,55000,해당없음,1,1,,,1,,,,1,,,,9,해당없음,해당없음,7,해당없음,5000,5,0,0,0,5,해당없음,3,21,해당없음,해당없음,해당없음,해당없음,해당없음,200,0,0,200,해당없음,해당없음,해당없음,해당없음,해당없음,해당없음,해당없음,7,,,,,해당없음,해당없음,해당없음,7,7,,,7,,,,7,,,,해당없음,해당없음,해당없음,해당없음,7,해당없음,해당없음,해당없음,해당없음,해당없음,해당없음,해당없음,해당없음,해당없음,해당없음,7,해당없음,해당없음,해당없음,해당없음,해당없음,해당없음,0,0,0,0,1500,800,200,30,300,150,0,250,0,0,3230,해당없음,60000,해당없음,해당없음
1248-09000100,해당없음,해당없음,해당없음,해당없음,해당없음,7,,,,,해당없음,해당없음,7,7,,,7,,,,7,,,,해당없음,해당없음,해당없음,7,해당없음,해당없음,해당없음,해당없음,해당없음,해당없음,해당없음,해당없음,7,해당없음,0,0,0,0,0,0,0,0,0,3,30000,25000,1700,해당없음,1,,,,,24000,9000,1,1,,,1,,,,1,,,,9,해당없음,해당없음,7,해당없음,1000,5,0,5,0,0,해당없음,4,해당없음,0,1,650,0,0,20,30,0,50,해당없음,해당없음,해당없음,해당없음,해당없음,해당없음,해당없음,7,,,,,해당없음,해당없음,해당없음,7,7,,,7,,,,7,,,,해당없음,해당없음,해당없음,해당없음,7,해당없음,해당없음,해당없음,해당없음,해당없음,해당없음,해당없음,해당없음,해당없음,해당없음,7,해당없음,0,0,0,0,0,0,0,0,0,1000,650,50,0,100,0,0,200,0,0,2000,해당없음,24000,해당없음,해당없음
1252-09000100,해당없음,해당없음,해당없음,해당없음,해당없음,7,,,,,해당없음,해당없음,7,7,,,7,,,,7,,,,해당없음,해당없음,해당없음,7,해당없음,해당없음,해당없음,해당없음,해당없음,해당없음,해당없음,해당없음,4,해당없음,해당없음,해당없음,해당없음,해당없음,해당없음,0,0,0,0,3,50000,4800,3300,해당없음,1,,,,,47000,18800,1,1,,,1,,,,1,,,,10,해당없음,해당없음,7,해당없음,2000,해당없음,해당없음,해당없음,해당없음,해당없음,1000,4,해당없음,해당없음,해당없음,해당없음,해당없음,해당없음,100,0,0,100,해당없음,해당없음,해당없음,해당없음,해당없음,해당없음,해당없음,7,,,,,해당없음,해당없음,해당없음,7,7,,,7,,,,7,,,,해당없음,해당없음,해당없음,해당없음,7,해당없음,해당없음,해당없음,해당없음,해당없음,해당없음,해당없음,해당없음,해당없음,해당없음,4,해당없음,해당없음,해당없음,해당없음,해당없음,해당없음,0,0,0,0,2000,1000,100,100,500,0,0,0,패각,2500,6200,해당없음,50000,해당없음,해당없음
1255-09000110,해당없음,해당없음,해당없음,해당없음,해당없음,7,,,,,해당없음,해당없음,7,7,,,7,,,,7,,,,해당없음,해당없음,해당없음,7,해당없음,해당없음,해당없음,해당없음,해당없음,해당없음,해당없음,해당없음,7,해당없음,해당없음,해당없음,해당없음,해당없음,해당없음,0,0,0,0,해당없음,해당없음,해당없음,해당없음,해당없음,7,,,,,해당없음,해당없음,7,7,,,7,,,,7,,,,해당없음,해당없음,해당없음,7,해당없음,해당없음,해당없음,해당없음,해당없음,해당없음,해당없음,해당없음,7,해당없음,해당없음,해당없음,해당없음,해당없음,해당없음,0,0,0,0,9,210000,해당없음,2000000,해당없음,1980,해당없음,1,,,,,2000000,해당없음,80000,1,1,,,1,,,,1,,,,9,해당없음,해당없음,해당없음,7,해당없음,해당없음,해당없음,해당없음,해당없음,해당없음,해당없음,해당없음,100000,해당없음,2,18,해당없음,해당없음,해당없음,해당없음,해당없음,6000,0,0,6000,9000,800,6000,1200,1000,1200,0,0,패각,6500,25700,해당없음,해당없음,2100000,해당없음
1256-09000100,해당없음,해당없음,해당없음,해당없음,해당없음,7,,,,,해당없음,해당없음,7,7,,,7,,,,7,,,,해당없음,해당없음,해당없음,7,해당없음,해당없음,5,0,5,0,0,해당없음,7,해당없음,해당없음,해당없음,해당없음,해당없음,해당없음,0,0,0,0,3,30000,25000,1700,해당없음,1,,,,,24000,9000,1,1,,,1,,,,1,,,,9,해당없음,해당없음,7,해당없음,1000,해당없음,해당없음,해당없음,해당없음,해당없음,해당없음,7,해당없음,해당없음,해당없음,해당없음,해당없음,해당없음,500,0,0,500,해당없음,해당없음,해당없음,해당없음,해당없음,해당없음,해당없음,7,,,,,해당없음,해당없음,해당없음,7,7,,,7,,,,7,,,,해당없음,해당없음,해당없음,해당없음,7,해당없음,해당없음,해당없음,해당없음,해당없음,해당없음,해당없음,해당없음,해당없음,해당없음,7,해당없음,해당없음,해당없음,해당없음,해당없음,해당없음,0,0,0,0,1000,0,500,0,0,0,0,200,0,0,1700,해당없음,24000,해당없음,해당없음
1259-09000100,해당없음,해당없음,해당없음,해당없음,해당없음,1,,,,,해당없음,해당없음,7,7,,,7,,,,7,,,,9,해당없음,해당없음,7,해당없음,해당없음,해당없음,해당없음,해당없음,해당없음,해당없음,해당없음,7,해당없음,해당없음,해당없음,해당없음,해당없음,해당없음,50,0,0,50,3,25000,23000,984,해당없음,1,,,,,23000,7000,1,1,,,7,,,,1,,,,해당없음,해당없음,해당없음,7,해당없음,해당없음,해당없음,해당없음,해당없음,해당없음,해당없음,해당없음,7,해당없음,해당없음,해당없음,해당없음,해당없음,해당없음,0,0,0,0,해당없음,해당없음,해당없음,해당없음,해당없음,해당없음,해당없음,7,,,,,해당없음,해당없음,해당없음,7,7,,,8,,,,7,,,,해당없음,해당없음,해당없음,해당없음,7,해당없음,해당없음,해당없음,해당없음,해당없음,해당없음,해당없음,해당없음,해당없음,해당없음,7,해당없음,해당없음,해당없음,해당없음,해당없음,해당없음,0,0,0,0,1120,625,50,0,1750,0,0,120,0,0,3665,해당없음,25000,해당없음,해당없음
1261-09000100,해당없음,해당없음,해당없음,해당없음,해당없음,7,,,,,해당없음,해당없음,7,7,,,7,,,,7,,,,해당없음,해당없음,해당없음,7,해당없음,해당없음,해당없음,해당없음,해당없음,해당없음,해당없음,해당없음,7,해당없음,해당없음,해당없음,해당없음,해당없음,해당없음,0,0,0,0,5,40000,40000,1000,해당없음,1,,,,,30000,12000,1,1,,,1,,,,1,,,,10,해당없음,해당없음,7,해당없음,10000,해당없음,해당없음,해당없음,해당없음,해당없음,해당없음,7,해당없음,해당없음,해당없음,해당없음,해당없음,해당없음,300,0,0,300,해당없음,해당없음,해당없음,해당없음,해당없음,해당없음,해당없음,7,,,,,해당없음,해당없음,해당없음,7,7,,,7,,,,7,,,,해당없음,해당없음,해당없음,해당없음,7,해당없음,해당없음,해당없음,해당없음,해당없음,해당없음,해당없음,해당없음,해당없음,해당없음,7,해당없음,해당없음,해당없음,해당없음,해당없음,해당없음,0,0,0,0,500,1000,300,0,3000,1000,0,1000,0,0,6800,해당없음,40000,해당없음,해당없음
1263-09000100,해당없음,해당없음,해당없음,해당없음,해당없음,7,,,,,해당없음,해당없음,7,7,,,7,,,,7,,,,해당없음,해당없음,해당없음,7,해당없음,해당없음,해당없음,해당없음,해당없음,해당없음,해당없음,해당없음,4,해당없음,모름,모름,모름,해당없음,해당없음,0,0,0,0,3,30000,280000,19800,해당없음,1,,,,,280000,120000,1,1,,,1,,,,1,,,,9,해당없음,해당없음,7,해당없음,해당없음,1,0,1,0,0,20000,4,해당없음,모름,모름,모름,해당없음,해당없음,1000,0,0,1000,해당없음,해당없음,해당없음,해당없음,해당없음,해당없음,해당없음,7,,,,,해당없음,해당없음,해당없음,7,7,,,7,,,,7,,,,해당없음,해당없음,해당없음,해당없음,7,해당없음,해당없음,해당없음,해당없음,해당없음,해당없음,해당없음,해당없음,해당없음,해당없음,4,해당없음,모름,모름,모름,해당없음,해당없음,0,0,0,0,20000,2000,1000,1000,3000,1000,0,0,패각,20000,48000,해당없음,40000,해당없음,해당없음
1266-09000100,3,해당없음,해당없음,2518,해당없음,1,,,,,모름,모름,1,1,,,8,,,,2,,,,9,모름,모름,1,모름,해당없음,해당없음,해당없음,해당없음,해당없음,해당없음,해당없음,3,19,200,해당없음,500,해당없음,해당없음,100,0,0,100,2,200,해당없음,2518,해당없음,1,,,,,모름,모름,1,1,,,8,,,,2,,,,9,모름,모름,7,모름,해당없음,해당없음,해당없음,해당없음,해당없음,해당없음,해당없음,3,19,해당없음,해당없음,해당없음,해당없음,해당없음,0,0,0,0,3,200,3000,2000,해당없음,2419,해당없음,1,,,,,200,30000,80000,1,1,,,8,,,,2,,,,9,모름,모름,모름,7,모름,해당없음,해당없음,해당없음,해당없음,해당없음,해당없음,해당없음,해당없음,해당없음,3,28,해당없음,30,20,해당없음,해당없음,0,0,0,0,600,500,100,200,300,0,0,100,비용,200,2000,해당없음,해당없음,해당없음,해당없음
1272-09000100,해당없음,해당없음,해당없음,해당없음,해당없음,7,,,,,해당없음,해당없음,7,7,,,7,,,,7,,,,해당없음,해당없음,해당없음,7,해당없음,해당없음,해당없음,해당없음,해당없음,해당없음,해당없음,해당없음,7,해당없음,해당없음,해당없음,해당없음,해당없음,해당없음,0,0,0,0,3,1,25000,7000,해당없음,1,,,,,25000,9000,1,1,,,1,,,,1,,,,9,해당없음,해당없음,7,해당없음,60,20,0,5,5,10,5000,3,18,해당없음,5,10,해당없음,해당없음,50,0,0,50,해당없음,해당없음,해당없음,해당없음,해당없음,해당없음,해당없음,7,,,,,해당없음,해당없음,해당없음,7,7,,,7,,,,7,,,,해당없음,해당없음,해당없음,해당없음,7,해당없음,해당없음,해당없음,해당없음,해당없음,해당없음,해당없음,해당없음,해당없음,해당없음,7,해당없음,해당없음,해당없음,해당없음,해당없음,해당없음,0,0,0,0,300,10,50,30,100,20,0,60,0,0,570,해당없음,20000,해당없음,해당없음
1273-09000100,3,9,해당없음,1103,해당없음,1,,,,,해당없음,10000,1,1,,,2,,,,8,,,,9,해당없음,해당없음,1,해당없음,해당없음,해당없음,해당없음,해당없음,해당없음,해당없음,해당없음,8,해당없음,해당없음,해당없음,해당없음,해당없음,해당없음,0,0,0,0,해당없음,해당없음,해당없음,해당없음,해당없음,7,,,,,해당없음,해당없음,7,7,,,7,,,,8,,,,해당없음,해당없음,해당없음,7,해당없음,해당없음,해당없음,해당없음,해당없음,해당없음,해당없음,해당없음,8,해당없음,해당없음,해당없음,해당없음,해당없음,해당없음,0,0,0,0,해당없음,해당없음,해당없음,해당없음,해당없음,해당없음,해당없음,7,,,,,해당없음,해당없음,해당없음,7,7,,,7,,,,8,,,,해당없음,해당없음,해당없음,해당없음,7,해당없음,해당없음,해당없음,해당없음,해당없음,해당없음,해당없음,해당없음,해당없음,해당없음,8,해당없음,해당없음,해당없음,해당없음,해당없음,해당없음,0,0,0,0,1000,2000,0,0,0,0,0,0,0,0,3000,해당없음,해당없음,해당없음,해당없음
1276-09000100,해당없음,해당없음,해당없음,해당없음,해당없음,7,,,,,해당없음,해당없음,7,7,,,7,,,,7,,,,해당없음,해당없음,해당없음,7,해당없음,해당없음,해당없음,해당없음,해당없음,해당없음,해당없음,해당없음,7,해당없음,모름,모름,모름,해당없음,해당없음,0,0,0,0,3,100000,90000,660,해당없음,1,,,,,90000,100000,1,1,,,1,,,,1,,,,9,해당없음,해당없음,8,해당없음,해당없음,해당없음,해당없음,해당없음,해당없음,해당없음,10000,4,해당없음,모름,모름,모름,해당없음,해당없음,500,0,0,500,해당없음,해당없음,해당없음,해당없음,해당없음,해당없음,해당없음,7,,,,,해당없음,해당없음,해당없음,7,7,,,7,,,,7,,,,해당없음,해당없음,해당없음,해당없음,7,해당없음,해당없음,해당없음,해당없음,해당없음,해당없음,해당없음,해당없음,해당없음,해당없음,7,해당없음,모름,모름,모름,해당없음,해당없음,0,0,0,0,8000,5000,500,300,5000,300,0,500,패각,6000,25600,해당없음,100000,해당없음,해당없음
1277-09000100,해당없음,해당없음,해당없음,해당없음,해당없음,7,,,,,해당없음,해당없음,7,7,,,7,,,,8,,,,해당없음,해당없음,해당없음,7,해당없음,해당없음,해당없음,해당없음,해당없음,해당없음,해당없음,해당없음,7,해당없음,해당없음,해당없음,해당없음,해당없음,해당없음,0,0,0,0,해당없음,해당없음,해당없음,해당없음,해당없음,7,,,,,해당없음,해당없음,7,7,,,7,,,,8,,,,해당없음,해당없음,해당없음,7,해당없음,해당없음,해당없음,해당없음,해당없음,해당없음,해당없음,해당없음,7,해당없음,해당없음,해당없음,해당없음,해당없음,해당없음,0,0,0,0,2,2000000,2000000,2000000,해당없음,2419,해당없음,1,,,,,200000,30000,80000,1,1,,,8,,,,8,,,,9,해당없음,해당없음,해당없음,7,해당없음,20000,해당없음,해당없음,해당없음,해당없음,해당없음,해당없음,해당없음,해당없음,3,19,해당없음,30,20,해당없음,해당없음,300,0,0,300,4000,1500,300,1500,12000,50,0,0,0,0,19350,해당없음,해당없음,3000000,40000
1279-09000100,해당없음,해당없음,해당없음,해당없음,해당없음,7,,,,,해당없음,해당없음,7,7,,,7,,,,7,,,,해당없음,해당없음,해당없음,7,해당없음,해당없음,해당없음,해당없음,해당없음,해당없음,해당없음,해당없음,7,해당없음,모름,모름,모름,해당없음,해당없음,0,0,0,0,해당없음,해당없음,해당없음,해당없음,해당없음,7,,,,,해당없음,해당없음,7,7,,,7,,,,7,,,,해당없음,해당없음,해당없음,7,해당없음,해당없음,해당없음,해당없음,해당없음,해당없음,해당없음,해당없음,7,해당없음,모름,모름,모름,해당없음,해당없음,0,0,0,0,3,15000,해당없음,해당없음,해당없음,861,해당없음,1,,,,,13000,해당없음,5200,1,1,,,3,,,직접,7,,,,9,해당없음,해당없음,해당없음,7,해당없음,해당없음,해당없음,해당없음,해당없음,해당없음,해당없음,해당없음,해당없음,해당없음,7,해당없음,모름,모름,모름,해당없음,해당없음,7,0,0,7,190,260,7,6,900,30,0,50,0,0,1443,해당없음,해당없음,15000,해당없음
1281-09000100,해당없음,해당없음,해당없음,해당없음,해당없음,7,,,,,해당없음,해당없음,7,7,,,7,,,,7,,,,해당없음,해당없음,해당없음,7,해당없음,해당없음,해당없음,해당없음,해당없음,해당없음,해당없음,해당없음,7,해당없음,해당없음,해당없음,해당없음,해당없음,해당없음,0,0,0,0,3,해당없음,해당없음,3712,해당없음,1,,,,,4000,16000,1,1,,,1,,,,2,,,,9,해당없음,해당없음,8,해당없음,해당없음,해당없음,해당없음,해당없음,해당없음,해당없음,해당없음,7,해당없음,해당없음,해당없음,해당없음,해당없음,해당없음,0,0,0,0,해당없음,해당없음,해당없음,해당없음,해당없음,해당없음,해당없음,7,,,,,해당없음,해당없음,해당없음,7,7,,,7,,,,7,,,,해당없음,해당없음,해당없음,해당없음,7,해당없음,해당없음,해당없음,해당없음,해당없음,해당없음,해당없음,해당없음,해당없음,해당없음,7,해당없음,해당없음,해당없음,해당없음,해당없음,해당없음,100,0,0,100,600,0,100,0,200,0,0,0,0,0,900,해당없음,해당없음,해당없음,해당없음
1282-09000100,해당없음,해당없음,해당없음,해당없음,해당없음,7,,,,,해당없음,해당없음,7,7,,,7,,,,7,,,,7,해당없음,해당없음,7,해당없음,해당없음,해당없음,해당없음,해당없음,해당없음,해당없음,해당없음,7,해당없음,모름,모름,모름,해당없음,해당없음,0,0,0,0,해당없음,해당없음,해당없음,해당없음,해당없음,7,,,,,해당없음,해당없음,7,7,,,7,,,,7,,,,7,해당없음,해당없음,7,해당없음,해당없음,해당없음,해당없음,해당없음,해당없음,해당없음,해당없음,7,해당없음,모름,모름,모름,해당없음,해당없음,0,0,0,0,3,13000,해당없음,해당없음,해당없음,663,해당없음,1,,,,,13000,해당없음,5200,1,1,,,3,,,직접,2,,,,9,해당없음,해당없음,해당없음,7,해당없음,해당없음,해당없음,해당없음,해당없음,해당없음,해당없음,해당없음,해당없음,해당없음,7,해당없음,모름,모름,모름,해당없음,해당없음,50,0,0,50,150,0,50,10,0,50,0,40,0,0,300,해당없음,해당없음,13000,해당없음
1290-09000100,해당없음,해당없음,해당없음,해당없음,해당없음,7,,,,,해당없음,해당없음,7,7,,,7,,,,8,,,,해당없음,해당없음,해당없음,7,해당없음,해당없음,해당없음,해당없음,해당없음,해당없음,해당없음,해당없음,4,해당없음,모름,모름,모름,해당없음,해당없음,0,0,0,0,3,40000,38000,981,해당없음,1,,,,,38000,15200,1,1,,,1,,,,8,,,,10,해당없음,해당없음,7,해당없음,해당없음,해당없음,해당없음,해당없음,해당없음,해당없음,2000,4,해당없음,모름,모름,모름,해당없음,해당없음,300,0,0,300,해당없음,해당없음,해당없음,해당없음,해당없음,해당없음,해당없음,7,,,,,해당없음,해당없음,해당없음,7,7,,,7,,,,8,,,,해당없음,해당없음,해당없음,해당없음,7,해당없음,해당없음,해당없음,해당없음,해당없음,해당없음,해당없음,해당없음,해당없음,해당없음,4,해당없음,모름,모름,모름,해당없음,해당없음,0,0,0,0,7000,1000,300,500,800,300,0,0,패각,1500,11400,해당없음,40000,해당없음,해당없음
1299-09000100,해당없음,해당없음,해당없음,해당없음,해당없음,7,,,,,해당없음,해당없음,7,7,,,7,,,,7,,,,해당없음,해당없음,해당없음,7,해당없음,해당없음,해당없음,해당없음,해당없음,해당없음,해당없음,해당없음,7,해당없음,해당없음,해당없음,해당없음,해당없음,해당없음,0,0,0,0,3,30000,25000,7000,해당없음,1,,,,,250,9000,1,1,,,3,,,직접,2,,,,9,해당없음,해당없음,7,해당없음,50,20,0,5,5,10,30,3,18,해당없음,5,10,해당없음,해당없음,50,0,0,50,해당없음,해당없음,해당없음,해당없음,해당없음,해당없음,해당없음,7,,,,,해당없음,해당없음,해당없음,7,7,,,7,,,,7,,,,해당없음,해당없음,해당없음,해당없음,7,해당없음,해당없음,해당없음,해당없음,해당없음,해당없음,해당없음,해당없음,해당없음,해당없음,7,해당없음,해당없음,해당없음,해당없음,해당없음,해당없음,0,0,0,0,300,10,50,30,100,20,0,60,0,0,570,해당없음,해당없음,해당없음,해당없음
1303-09000100,해당없음,해당없음,해당없음,해당없음,해당없음,7,,,,,해당없음,해당없음,7,7,,,7,,,,7,,,,해당없음,해당없음,해당없음,7,해당없음,해당없음,해당없음,해당없음,해당없음,해당없음,해당없음,해당없음,4,해당없음,해당없음,해당없음,해당없음,해당없음,해당없음,0,0,0,0,10,50000,50000,1872,해당없음,6,,,,욱상평면식,45000,10000,1,1,,,2,,,,1,,,,9,해당없음,해당없음,7,해당없음,5000,5,5,0,0,0,해당없음,4,해당없음,20,해당없음,해당없음,해당없음,해당없음,500,0,0,500,해당없음,해당없음,해당없음,해당없음,해당없음,해당없음,해당없음,7,,,,,해당없음,해당없음,해당없음,7,7,,,7,,,,7,,,,해당없음,해당없음,해당없음,해당없음,7,해당없음,해당없음,해당없음,해당없음,해당없음,해당없음,해당없음,해당없음,해당없음,해당없음,4,해당없음,해당없음,해당없음,해당없음,해당없음,해당없음,0,0,0,0,2000,600,500,0,100,200,0,300,0,0,3700,해당없음,12000,해당없음,해당없음
1305-09000100,해당없음,해당없음,해당없음,해당없음,해당없음,7,,,,,해당없음,해당없음,7,7,,,7,,,,7,,,,해당없음,해당없음,해당없음,7,해당없음,해당없음,해당없음,해당없음,해당없음,해당없음,해당없음,해당없음,4,해당없음,해당없음,해당없음,해당없음,해당없음,해당없음,0,0,0,0,3,65000,65000,2667,해당없음,1,,,,,65000,26000,1,1,,,3,,,양식장,7,,,,9,해당없음,해당없음,7,해당없음,해당없음,해당없음,해당없음,해당없음,해당없음,해당없음,해당없음,4,해당없음,해당없음,해당없음,해당없음,해당없음,해당없음,100,0,0,100,해당없음,해당없음,해당없음,해당없음,해당없음,해당없음,해당없음,7,,,,,해당없음,해당없음,해당없음,7,7,,,7,,,,7,,,,해당없음,해당없음,해당없음,해당없음,7,해당없음,해당없음,해당없음,해당없음,해당없음,해당없음,해당없음,해당없음,해당없음,해당없음,4,해당없음,해당없음,해당없음,해당없음,해당없음,해당없음,0,0,0,0,644,1000,100,100,0,0,20,200,비용,4050,6114,해당없음,65000,해당없음,해당없음
1306-09000100,해당없음,해당없음,해당없음,해당없음,해당없음,7,,,,,해당없음,해당없음,7,7,,,7,,,,7,,,,해당없음,해당없음,모름,7,해당없음,해당없음,해당없음,해당없음,해당없음,해당없음,해당없음,해당없음,8,모름,모름,모름,모름,해당없음,해당없음,0,0,0,0,3,50000,50000,2893,해당없음,7,,,,,40000,15000,1,1,,,3,,,직접,1,,,,9,해당없음,모름,7,해당없음,해당없음,해당없음,해당없음,해당없음,해당없음,해당없음,해당없음,8,모름,모름,모름,모름,해당없음,해당없음,100,0,0,100,해당없음,해당없음,해당없음,해당없음,해당없음,해당없음,해당없음,7,,,,,해당없음,해당없음,해당없음,7,7,,,7,,,,7,,,,해당없음,해당없음,해당없음,모름,7,해당없음,해당없음,해당없음,해당없음,해당없음,해당없음,해당없음,해당없음,해당없음,해당없음,8,모름,모름,모름,모름,해당없음,해당없음,0,0,0,0,3500,500,50,0,300,0,0,400,0,0,4750,해당없음,50000,해당없음,해당없음
1308-09000100,3,35000,해당없음,460,해당없음,1,,,,,1228,14000,1,1,2,,3,,,직접,1,2,,,9,해당없음,해당없음,7,해당없음,해당없음,30,10,10,10,0,해당없음,7,해당없음,무응답,무응답,무응답,해당없음,해당없음,200,0,0,200,해당없음,해당없음,해당없음,해당없음,해당없음,7,,,,,해당없음,해당없음,7,7,,,7,,,,7,,,,해당없음,해당없음,해당없음,7,해당없음,해당없음,해당없음,해당없음,해당없음,해당없음,해당없음,해당없음,7,해당없음,무응답,무응답,무응답,해당없음,해당없음,0,0,0,0,해당없음,해당없음,해당없음,해당없음,해당없음,해당없음,해당없음,7,,,,,해당없음,해당없음,해당없음,7,7,,,7,,,,7,,,,해당없음,해당없음,해당없음,해당없음,7,해당없음,해당없음,해당없음,해당없음,해당없음,해당없음,해당없음,해당없음,해당없음,해당없음,7,해당없음,무응답,무응답,무응답,해당없음,해당없음,0,0,0,0,1000,1000,200,0,0,100,0,100,0,0,2400,해당없음,35000,해당없음,해당없음
1309-09000100,해당없음,해당없음,해당없음,해당없음,해당없음,7,,,,,해당없음,해당없음,7,7,,,7,,,,7,,,,해당없음,해당없음,해당없음,7,해당없음,해당없음,해당없음,해당없음,해당없음,해당없음,해당없음,해당없음,4,해당없음,해당없음,해당없음,해당없음,해당없음,해당없음,0,0,0,0,3,40000,40000,2000,해당없음,1,,,,,40000,16000,1,3,,,2,,,,1,,,,9,해당없음,해당없음,7,해당없음,해당없음,2,0,0,0,2,10,4,해당없음,해당없음,3,해당없음,해당없음,해당없음,60,40,0,100,해당없음,해당없음,해당없음,해당없음,해당없음,해당없음,해당없음,7,,,,,해당없음,해당없음,해당없음,7,7,,,7,,,,7,,,,해당없음,해당없음,해당없음,해당없음,7,해당없음,해당없음,해당없음,해당없음,해당없음,해당없음,해당없음,해당없음,해당없음,해당없음,4,해당없음,해당없음,해당없음,해당없음,해당없음,해당없음,0,0,0,0,600,600,100,0,100,50,0,60,페각구입비,2200,3710,해당없음,38000,해당없음,해당없음
1311-09000100,해당없음,해당없음,해당없음,해당없음,해당없음,7,,,,,해당없음,해당없음,7,7,,,7,,,,7,,,,해당없음,해당없음,해당없음,7,해당없음,해당없음,해당없음,해당없음,해당없음,해당없음,해당없음,해당없음,4,해당없음,해당없음,해당없음,해당없음,해당없음,해당없음,0,0,0,0,3,100000,13000,861,해당없음,1,,,,,100000,50000,1,1,,,3,,,직접,1,,,,9,해당없음,해당없음,7,해당없음,해당없음,20,10,10,0,0,해당없음,4,해당없음,해당없음,해당없음,해당없음,해당없음,해당없음,200,0,0,200,해당없음,해당없음,해당없음,해당없음,해당없음,해당없음,해당없음,7,,,,,해당없음,해당없음,해당없음,7,7,,,7,,,,7,,,,해당없음,해당없음,해당없음,해당없음,7,해당없음,해당없음,해당없음,해당없음,해당없음,해당없음,해당없음,해당없음,해당없음,해당없음,4,해당없음,해당없음,해당없음,해당없음,해당없음,해당없음,0,0,0,0,5000,2000,200,200,15000,0,0,0,0,0,22400,해당없음,130000,해당없음,해당없음
1312-09000100,해당없음,해당없음,해당없음,해당없음,해당없음,7,,,,,해당없음,해당없음,7,7,,,7,,,,7,,,,해당없음,해당없음,해당없음,7,해당없음,해당없음,해당없음,해당없음,해당없음,해당없음,해당없음,해당없음,7,해당없음,모름,모름,모름,해당없음,해당없음,0,0,0,0,3,130000,130000,모름,해당없음,1,,,,,130000,45000,1,1,,,3,,,직접,1,,,,9,해당없음,해당없음,7,해당없음,해당없음,2,1,1,0,0,해당없음,4,해당없음,모름,모름,모름,해당없음,해당없음,300,0,0,300,해당없음,해당없음,해당없음,해당없음,해당없음,해당없음,해당없음,7,,,,,해당없음,해당없음,해당없음,7,7,,,7,,,,7,,,,해당없음,해당없음,해당없음,해당없음,7,해당없음,해당없음,해당없음,해당없음,해당없음,해당없음,해당없음,해당없음,해당없음,해당없음,7,해당없음,모름,모름,모름,해당없음,해당없음,0,0,0,0,9000,2000,300,300,15000,100,0,3000,0,0,29700,해당없음,130000,해당없음,해당없음
1313-09000100,해당없음,해당없음,해당없음,해당없음,해당없음,7,,,,,해당없음,해당없음,7,7,,,7,,,,7,,,,해당없음,해당없음,해당없음,7,해당없음,해당없음,해당없음,해당없음,해당없음,해당없음,해당없음,해당없음,4,해당없음,해당없음,해당없음,해당없음,해당없음,해당없음,0,0,0,0,3,90000,90000,4300,해당없음,1,,,,,90000,36000,1,1,,,3,,,양식장,7,,,,9,해당없음,해당없음,7,해당없음,해당없음,5,0,2,3,0,5000,4,해당없음,해당없음,해당없음,해당없음,해당없음,해당없음,300,0,0,300,해당없음,해당없음,해당없음,해당없음,해당없음,해당없음,해당없음,7,,,,,해당없음,해당없음,해당없음,7,7,,,7,,,,7,,,,해당없음,해당없음,해당없음,해당없음,7,해당없음,해당없음,해당없음,해당없음,해당없음,해당없음,해당없음,해당없음,해당없음,해당없음,4,해당없음,해당없음,해당없음,해당없음,해당없음,해당없음,0,0,0,0,12880,1750,300,0,1000,500,0,1500,0,1000,18930,해당없음,90000,해당없음,해당없음
1317-09000100,해당없음,해당없음,해당없음,해당없음,해당없음,7,,,,,해당없음,해당없음,7,7,,,7,,,,7,,,,해당없음,해당없음,해당없음,7,해당없음,해당없음,해당없음,해당없음,해당없음,해당없음,해당없음,해당없음,7,해당없음,해당없음,해당없음,해당없음,해당없음,해당없음,0,0,0,0,3,50000,50000,289,해당없음,1,,,,,40000,15000,1,1,,,3,,,직접,1,,,,9,해당없음,해당없음,7,해당없음,해당없음,해당없음,해당없음,해당없음,해당없음,해당없음,해당없음,8,해당없음,해당없음,해당없음,해당없음,해당없음,해당없음,100,0,0,100,해당없음,해당없음,해당없음,해당없음,해당없음,해당없음,해당없음,7,,,,,해당없음,해당없음,해당없음,7,7,,,7,,,,7,,,,해당없음,해당없음,해당없음,해당없음,7,해당없음,해당없음,해당없음,해당없음,해당없음,해당없음,해당없음,해당없음,해당없음,해당없음,7,해당없음,해당없음,해당없음,해당없음,해당없음,해당없음,0,0,0,0,2500,500,100,100,4000,200,0,500,0,0,7900,해당없음,40000,해당없음,해당없음
1319-09000100,해당없음,500,해당없음,해당없음,해당없음,7,,,,,해당없음,해당없음,7,7,,,7,,,,7,,,,해당없음,해당없음,해당없음,7,해당없음,해당없음,해당없음,해당없음,해당없음,해당없음,해당없음,해당없음,7,해당없음,모름,모름,모름,해당없음,해당없음,0,0,0,0,3,120000,120000,9000,해당없음,1,,,,,120000,48000,1,1,,,2,,,,1,,,,9,해당없음,해당없음,7,해당없음,해당없음,40,0,0,10,30,해당없음,3,20,모름,모름,모름,해당없음,해당없음,500,0,0,500,해당없음,해당없음,해당없음,해당없음,해당없음,해당없음,해당없음,7,,,,,해당없음,해당없음,해당없음,7,7,,,7,,,,7,,,,해당없음,해당없음,해당없음,해당없음,7,해당없음,해당없음,해당없음,해당없음,해당없음,해당없음,해당없음,해당없음,해당없음,해당없음,7,해당없음,모름,모름,모름,해당없음,해당없음,0,0,0,0,1000,300,500,400,14000,300,0,600,0,0,17100,해당없음,120000,해당없음,해당없음
1323-09000100,해당없음,해당없음,해당없음,해당없음,해당없음,7,,,,,해당없음,해당없음,7,7,,,7,,,,7,,,,해당없음,해당없음,해당없음,7,해당없음,해당없음,해당없음,해당없음,해당없음,해당없음,해당없음,해당없음,4,해당없음,해당없음,해당없음,해당없음,해당없음,해당없음,0,0,0,0,3,50000,50000,3555,해당없음,1,,,,,50000,12000,2,1,,,2,,,,1,,,,9,해당없음,해당없음,7,해당없음,해당없음,해당없음,해당없음,해당없음,해당없음,해당없음,해당없음,4,해당없음,해당없음,해당없음,해당없음,해당없음,해당없음,200,0,0,200,해당없음,해당없음,해당없음,해당없음,해당없음,해당없음,해당없음,7,,,,,해당없음,해당없음,해당없음,7,7,,,7,,,,7,,,,해당없음,해당없음,해당없음,해당없음,7,해당없음,해당없음,해당없음,해당없음,해당없음,해당없음,해당없음,해당없음,해당없음,해당없음,4,해당없음,해당없음,해당없음,해당없음,해당없음,해당없음,0,0,0,0,1200,900,200,0,100,200,0,200,패각,4000,6800,해당없음,50000,해당없음,해당없음
1325-09000100,해당없음,해당없음,해당없음,해당없음,해당없음,7,,,,,해당없음,해당없음,7,7,,,7,,,,7,,,,해당없음,해당없음,해당없음,7,해당없음,해당없음,해당없음,해당없음,해당없음,해당없음,해당없음,해당없음,7,해당없음,해당없음,해당없음,해당없음,해당없음,해당없음,0,0,0,0,9,200000,200000,10000,해당없음,1,,,,,200000,해당없음,1,1,,,3,,,양식장,1,,,,9,해당없음,해당없음,7,해당없음,해당없음,해당없음,해당없음,해당없음,해당없음,해당없음,해당없음,7,해당없음,해당없음,해당없음,해당없음,해당없음,해당없음,0,0,0,0,해당없음,해당없음,해당없음,해당없음,해당없음,해당없음,해당없음,7,,,,,해당없음,해당없음,해당없음,7,7,,,7,,,,7,,,,해당없음,해당없음,해당없음,해당없음,7,해당없음,해당없음,해당없음,해당없음,해당없음,해당없음,해당없음,해당없음,해당없음,해당없음,7,해당없음,해당없음,해당없음,해당없음,해당없음,해당없음,0,0,0,0,3500,2500,500,0,7500,100,0,0,패각,6000,20100,해당없음,200000,해당없음,해당없음
1326-09000100,해당없음,해당없음,해당없음,해당없음,해당없음,7,,,,,해당없음,해당없음,7,7,,,7,,,,7,,,,해당없음,해당없음,해당없음,7,해당없음,해당없음,해당없음,해당없음,해당없음,해당없음,해당없음,해당없음,4,해당없음,해당없음,해당없음,해당없음,해당없음,해당없음,0,0,0,0,3,100000,100000,799,해당없음,1,,,,,100000,해당없음,1,3,,,3,,,양식장,1,,,,10,해당없음,해당없음,7,해당없음,해당없음,2,0,2,0,0,2000,4,해당없음,해당없음,해당없음,해당없음,해당없음,해당없음,300,200,0,500,해당없음,해당없음,해당없음,해당없음,해당없음,해당없음,해당없음,7,,,,,해당없음,해당없음,해당없음,7,7,,,7,,,,7,,,,해당없음,해당없음,해당없음,해당없음,7,해당없음,해당없음,해당없음,해당없음,해당없음,해당없음,해당없음,해당없음,해당없음,해당없음,4,해당없음,해당없음,해당없음,해당없음,해당없음,해당없음,0,0,0,0,4000,50,500,50,150,0,0,750,패각,18000,23500,해당없음,100000,해당없음,해당없음
1332-09000100,해당없음,해당없음,해당없음,해당없음,해당없음,7,,,,,해당없음,해당없음,7,7,,,7,,,,7,,,,해당없음,해당없음,해당없음,7,해당없음,해당없음,해당없음,해당없음,해당없음,해당없음,해당없음,해당없음,4,해당없음,해당없음,해당없음,해당없음,해당없음,해당없음,0,0,0,0,3,30000,30000,21000,해당없음,1,,,,,30000,12000,1,1,,,2,,,,1,,,,9,해당없음,해당없음,7,해당없음,해당없음,해당없음,해당없음,해당없음,해당없음,해당없음,150,4,해당없음,해당없음,해당없음,해당없음,해당없음,해당없음,30,0,0,30,해당없음,해당없음,해당없음,해당없음,해당없음,해당없음,해당없음,7,,,,,해당없음,해당없음,해당없음,7,7,,,7,,,,7,,,,해당없음,해당없음,해당없음,해당없음,7,해당없음,해당없음,해당없음,해당없음,해당없음,해당없음,해당없음,해당없음,해당없음,해당없음,4,해당없음,해당없음,해당없음,해당없음,해당없음,해당없음,0,0,0,0,500,200,30,0,0,40,0,0,패각,1500,2270,해당없음,30000,해당없음,해당없음
1333-09000100,해당없음,해당없음,해당없음,해당없음,해당없음,7,,,,,해당없음,해당없음,7,7,,,7,,,,7,,,,해당없음,해당없음,해당없음,7,해당없음,해당없음,해당없음,해당없음,해당없음,해당없음,해당없음,해당없음,4,해당없음,해당없음,해당없음,해당없음,해당없음,해당없음,0,0,0,0,3,45000,45000,1602,해당없음,1,,,,,40000,1600,1,1,,,2,,,,1,,,,9,해당없음,해당없음,7,해당없음,500,해당없음,해당없음,해당없음,해당없음,해당없음,해당없음,4,해당없음,해당없음,해당없음,해당없음,해당없음,해당없음,0,150,0,150,해당없음,해당없음,해당없음,해당없음,해당없음,해당없음,해당없음,7,,,,,해당없음,해당없음,해당없음,7,7,,,7,,,,7,,,,해당없음,해당없음,해당없음,해당없음,7,해당없음,해당없음,해당없음,해당없음,해당없음,해당없음,해당없음,해당없음,해당없음,해당없음,4,해당없음,해당없음,해당없음,해당없음,해당없음,해당없음,0,0,0,0,1282,618,150,0,50,0,0,30,0,0,2130,해당없음,45000,해당없음,해당없음
1339-09000100,해당없음,해당없음,해당없음,해당없음,해당없음,7,,,,,해당없음,해당없음,7,7,,,7,,,,7,,,,해당없음,해당없음,해당없음,7,해당없음,해당없음,해당없음,해당없음,해당없음,해당없음,해당없음,해당없음,7,해당없음,50,해당없음,해당없음,해당없음,해당없음,0,0,0,0,해당없음,1000,해당없음,726,해당없음,7,,,,,해당없음,해당없음,1,1,,,7,,,,7,,,,해당없음,해당없음,해당없음,7,해당없음,해당없음,해당없음,해당없음,해당없음,해당없음,해당없음,해당없음,7,해당없음,20000,해당없음,해당없음,해당없음,해당없음,0,0,0,0,3,2000,100,해당없음,해당없음,726,4000,1,,,,,해당없음,해당없음,해당없음,7,7,,,7,,,,7,,,,9,해당없음,해당없음,해당없음,7,해당없음,해당없음,해당없음,해당없음,해당없음,해당없음,해당없음,해당없음,해당없음,해당없음,7,해당없음,2000,해당없음,해당없음,해당없음,해당없음,0,0,0,0,0,0,0,0,0,0,0,0,0,0,0,해당없음,해당없음,해당없음,해당없음
1603-09000100,해당없음,해당없음,해당없음,해당없음,해당없음,7,,,,,해당없음,해당없음,7,7,,,7,,,,7,,,,해당없음,해당없음,해당없음,7,해당없음,해당없음,해당없음,해당없음,해당없음,해당없음,해당없음,해당없음,7,해당없음,해당없음,해당없음,해당없음,해당없음,해당없음,0,0,0,0,5,20000,10000,1155,해당없음,1,,,,,10000,3800,1,1,,,2,,,,1,,,,10,해당없음,해당없음,7,해당없음,해당없음,20,0,10,10,0,해당없음,7,해당없음,해당없음,해당없음,해당없음,해당없음,해당없음,0,0,0,0,해당없음,해당없음,해당없음,해당없음,해당없음,해당없음,해당없음,7,,,,,해당없음,해당없음,해당없음,7,7,,,7,,,,7,,,,해당없음,해당없음,해당없음,해당없음,7,해당없음,해당없음,해당없음,해당없음,해당없음,해당없음,해당없음,해당없음,해당없음,해당없음,7,해당없음,해당없음,해당없음,해당없음,해당없음,해당없음,0,0,0,0,400,150,0,20,3100,0,0,0,0,0,3670,해당없음,13000,해당없음,해당없음
1604-09000100,해당없음,해당없음,해당없음,해당없음,해당없음,7,,,,,해당없음,해당없음,7,7,,,7,,,,7,,,,해당없음,해당없음,해당없음,7,해당없음,해당없음,해당없음,해당없음,해당없음,해당없음,해당없음,해당없음,7,해당없음,해당없음,해당없음,해당없음,해당없음,해당없음,0,0,0,0,3,20000,20000,1650,해당없음,1,,,,,20000,8000,1,1,,,2,,,,1,,,,10,해당없음,해당없음,7,해당없음,해당없음,10,10,0,0,0,10,4,해당없음,해당없음,해당없음,해당없음,해당없음,해당없음,0,0,0,0,해당없음,해당없음,해당없음,해당없음,해당없음,해당없음,해당없음,7,,,,,해당없음,해당없음,해당없음,7,7,,,7,,,,7,,,,해당없음,해당없음,해당없음,해당없음,7,해당없음,해당없음,해당없음,해당없음,해당없음,해당없음,해당없음,해당없음,해당없음,해당없음,7,해당없음,해당없음,해당없음,해당없음,해당없음,해당없음,0,0,0,0,0,500,0,1200,1000,100,0,0,0,0,2800,해당없음,20000,해당없음,해당없음
1640-09000100,해당없음,해당없음,해당없음,해당없음,해당없음,7,,,,,해당없음,해당없음,7,7,,,7,,,,7,,,,해당없음,해당없음,해당없음,7,해당없음,해당없음,해당없음,해당없음,해당없음,해당없음,해당없음,해당없음,4,해당없음,해당없음,해당없음,해당없음,해당없음,해당없음,0,0,0,0,4,45000,45000,2970,해당없음,1,,,,,30000,11400,1,1,,,1,,,,1,,,,10,해당없음,해당없음,7,해당없음,해당없음,해당없음,해당없음,해당없음,해당없음,해당없음,15000,4,해당없음,해당없음,해당없음,해당없음,해당없음,해당없음,800,0,0,800,해당없음,해당없음,해당없음,해당없음,해당없음,해당없음,해당없음,7,,,,,해당없음,해당없음,해당없음,7,7,,,7,,,,7,,,,해당없음,해당없음,해당없음,해당없음,7,해당없음,해당없음,해당없음,해당없음,해당없음,해당없음,해당없음,해당없음,해당없음,해당없음,4,해당없음,해당없음,해당없음,해당없음,해당없음,해당없음,0,0,0,0,4300,700,800,50,4700,700,0,0,0,0,11250,해당없음,30000,해당없음,해당없음
1719-09000100,3,2000,2000,3514,해당없음,1,,,,,500,1000,1,1,,,1,,,,1,,,,3,0,0,7,해당없음,1000,10,0,10,0,0,500,3,20,해당없음,해당없음,해당없음,해당없음,해당없음,100,0,0,100,4,40000,40000,3514,해당없음,1,,,,,25000,10000,1,1,,,3,,,양식어가,1,,,,9,해당없음,해당없음,7,해당없음,40000,10,0,10,0,0,2000,4,해당없음,해당없음,해당없음,해당없음,해당없음,해당없음,200,0,0,200,해당없음,해당없음,해당없음,해당없음,해당없음,해당없음,해당없음,7,,,,,해당없음,해당없음,해당없음,7,7,,,7,,,,7,,,,해당없음,해당없음,해당없음,해당없음,7,해당없음,해당없음,해당없음,해당없음,해당없음,해당없음,해당없음,해당없음,해당없음,해당없음,7,해당없음,해당없음,해당없음,해당없음,해당없음,해당없음,0,0,0,0,3000,100,300,200,200,100,0,200,0,0,4100,500,25000,해당없음,해당없음
1869-09000100,해당없음,해당없음,해당없음,해당없음,해당없음,7,,,,,해당없음,해당없음,7,7,,,7,,,,7,,,,해당없음,해당없음,해당없음,7,해당없음,해당없음,해당없음,해당없음,해당없음,해당없음,해당없음,해당없음,7,해당없음,해당없음,해당없음,해당없음,해당없음,해당없음,0,0,0,0,3,80000,60000,3354,해당없음,1,,,,,60000,24000,1,1,,,3,,,김생산자,1,,,,9,해당없음,해당없음,7,해당없음,해당없음,25,5,13,0,7,4,4,해당없음,50,50,100,해당없음,해당없음,200,0,0,200,해당없음,해당없음,해당없음,해당없음,해당없음,해당없음,해당없음,7,,,,,해당없음,해당없음,해당없음,7,7,,,7,,,,7,,,,해당없음,해당없음,해당없음,해당없음,7,해당없음,해당없음,해당없음,해당없음,해당없음,해당없음,해당없음,해당없음,해당없음,해당없음,7,해당없음,해당없음,해당없음,해당없음,해당없음,해당없음,0,0,0,0,2500,1000,200,0,200,0,0,200,공패각,6000,10100,해당없음,80000,해당없음,해당없음
2017-09000100,해당없음,해당없음,해당없음,해당없음,해당없음,7,,,,,해당없음,해당없음,7,7,,,7,,,,7,,,,해당없음,해당없음,해당없음,7,해당없음,해당없음,해당없음,해당없음,해당없음,해당없음,해당없음,해당없음,7,해당없음,해당없음,해당없음,해당없음,해당없음,해당없음,0,0,0,0,3,300000,300000,9584,해당없음,1,,,,,300000,120000,1,1,,,1,,,,1,,,,9,해당없음,해당없음,7,해당없음,해당없음,해당없음,해당없음,해당없음,해당없음,해당없음,0,4,해당없음,해당없음,해당없음,해당없음,해당없음,해당없음,2000,1000,0,3000,해당없음,해당없음,해당없음,해당없음,해당없음,해당없음,해당없음,7,,,,,해당없음,해당없음,해당없음,7,7,,,7,,,,7,,,,해당없음,해당없음,해당없음,해당없음,7,해당없음,해당없음,해당없음,해당없음,해당없음,해당없음,해당없음,해당없음,해당없음,해당없음,7,해당없음,해당없음,해당없음,해당없음,해당없음,해당없음,0,0,0,0,6150,4100,3000,0,2000,0,0,0,비용,500,15750,해당없음,300000,해당없음,해당없음
2018-09000100,해당없음,해당없음,해당없음,해당없음,해당없음,7,,,,,해당없음,해당없음,7,7,,,7,,,,7,,,,해당없음,해당없음,해당없음,7,해당없음,해당없음,해당없음,해당없음,해당없음,해당없음,해당없음,해당없음,7,해당없음,해당없음,해당없음,해당없음,해당없음,해당없음,0,0,0,0,10,40000,40000,1992,해당없음,1,,,,,40000,16000,1,1,,,1,,,,2,,,,9,해당없음,해당없음,7,해당없음,1000,2,0,2,0,0,2000,4,해당없음,해당없음,해당없음,해당없음,해당없음,해당없음,300,100,0,400,해당없음,해당없음,해당없음,해당없음,해당없음,해당없음,해당없음,7,,,,,해당없음,해당없음,해당없음,7,7,,,7,,,,7,,,,해당없음,해당없음,해당없음,해당없음,7,해당없음,해당없음,해당없음,해당없음,해당없음,해당없음,해당없음,해당없음,해당없음,해당없음,7,해당없음,해당없음,해당없음,해당없음,해당없음,해당없음,0,0,0,0,2000,400,400,200,200,200,0,400,0,0,3800,해당없음,40000,해당없음,해당없음
2031-09000100,해당없음,해당없음,해당없음,해당없음,해당없음,7,,,,,해당없음,해당없음,7,7,,,7,,,,7,,,,해당없음,해당없음,해당없음,7,해당없음,해당없음,해당없음,해당없음,해당없음,해당없음,해당없음,0,7,해당없음,해당없음,해당없음,해당없음,해당없음,해당없음,0,0,0,0,3,1000,1000,247,해당없음,1,,,,,2000,3500,1,1,,,2,,,,1,,,,9,해당없음,해당없음,7,해당없음,1000,해당없음,해당없음,해당없음,해당없음,해당없음,0,4,해당없음,해당없음,해당없음,해당없음,해당없음,해당없음,20,0,0,20,해당없음,해당없음,해당없음,해당없음,해당없음,해당없음,해당없음,7,,,,,해당없음,해당없음,해당없음,7,7,,,7,,,,7,,,,해당없음,해당없음,해당없음,해당없음,7,해당없음,해당없음,해당없음,해당없음,해당없음,해당없음,해당없음,해당없음,0,0,7,해당없음,해당없음,해당없음,해당없음,해당없음,해당없음,0,0,0,0,150,20,20,0,0,10,0,0,0,0,200,해당없음,2000,해당없음,해당없음
2034-09000100,해당없음,해당없음,해당없음,해당없음,해당없음,7,,,,,해당없음,해당없음,7,7,,,7,,,,7,,,,해당없음,해당없음,해당없음,7,해당없음,해당없음,해당없음,해당없음,해당없음,해당없음,해당없음,해당없음,7,해당없음,해당없음,해당없음,해당없음,해당없음,해당없음,0,0,0,0,3,20000,20000,644,해당없음,1,,,,,20000,8000,1,1,,,3,,,양파망,1,,,,9,해당없음,해당없음,7,해당없음,해당없음,해당없음,해당없음,해당없음,해당없음,해당없음,해당없음,7,해당없음,해당없음,해당없음,해당없음,해당없음,해당없음,300,200,0,500,해당없음,해당없음,해당없음,해당없음,해당없음,해당없음,해당없음,7,,,,,해당없음,해당없음,해당없음,7,7,,,7,,,,7,,,,해당없음,해당없음,해당없음,해당없음,7,해당없음,해당없음,해당없음,해당없음,해당없음,해당없음,해당없음,해당없음,해당없음,해당없음,7,해당없음,해당없음,해당없음,해당없음,해당없음,해당없음,0,0,0,0,2500,0,500,0,0,0,0,0,비용,1500,4500,해당없음,20000,해당없음,해당없음
2038-09000100,2,28000,100,990,해당없음,3,,,,,100,모름,1,2,,,1,,,,1,,,,9,0,0,7,해당없음,해당없음,해당없음,해당없음,해당없음,해당없음,해당없음,해당없음,4,해당없음,해당없음,해당없음,해당없음,해당없음,해당없음,10,0,0,10,해당없음,해당없음,해당없음,해당없음,해당없음,7,,,,,해당없음,해당없음,7,7,,,7,,,,7,,,,해당없음,0,0,7,해당없음,해당없음,해당없음,해당없음,해당없음,해당없음,해당없음,해당없음,7,해당없음,해당없음,해당없음,해당없음,해당없음,해당없음,0,0,0,0,해당없음,해당없음,해당없음,해당없음,해당없음,해당없음,해당없음,7,,,,,해당없음,해당없음,해당없음,7,7,,,7,,,,7,,,,해당없음,0,0,0,7,해당없음,해당없음,해당없음,해당없음,해당없음,해당없음,해당없음,해당없음,해당없음,해당없음,7,해당없음,해당없음,해당없음,해당없음,해당없음,해당없음,0,0,0,0,0,400,10,20,0,50,0,30,0,0,510,28000,해당없음,해당없음,해당없음
2041-09000100,해당없음,해당없음,해당없음,해당없음,해당없음,7,,,,,해당없음,해당없음,7,7,,,7,,,,7,,,,해당없음,해당없음,해당없음,7,해당없음,해당없음,해당없음,해당없음,해당없음,해당없음,해당없음,해당없음,7,해당없음,해당없음,해당없음,해당없음,해당없음,해당없음,0,0,0,0,3,4000,4000,240,해당없음,1,,,,,2000,800,1,1,,,3,,,자가,3,,,자가,해당없음,해당없음,해당없음,7,해당없음,2000,해당없음,해당없음,해당없음,해당없음,해당없음,해당없음,4,해당없음,해당없음,해당없음,해당없음,해당없음,해당없음,14,0,0,14,해당없음,해당없음,해당없음,해당없음,해당없음,해당없음,해당없음,7,,,,,해당없음,해당없음,해당없음,7,7,,,7,,,,7,,,,해당없음,해당없음,해당없음,해당없음,7,해당없음,해당없음,해당없음,해당없음,해당없음,해당없음,해당없음,해당없음,해당없음,해당없음,7,해당없음,해당없음,해당없음,해당없음,해당없음,해당없음,0,0,0,0,300,80,14,0,80,0,0,0,비용,180,654,해당없음,4000,해당없음,해당없음
2042-09000100,해당없음,해당없음,해당없음,해당없음,해당없음,7,,,,,해당없음,해당없음,7,7,,,7,,,,7,,,,해당없음,해당없음,해당없음,7,해당없음,해당없음,해당없음,해당없음,해당없음,해당없음,해당없음,해당없음,7,해당없음,해당없음,해당없음,해당없음,해당없음,해당없음,0,0,0,0,3,20000,20000,해당없음,1244,3,,,,,20000,8000,2,1,,,1,,,,1,,,,9,해당없음,해당없음,7,해당없음,해당없음,해당없음,해당없음,해당없음,해당없음,해당없음,해당없음,4,해당없음,해당없음,해당없음,해당없음,해당없음,해당없음,250,100,0,350,해당없음,해당없음,해당없음,해당없음,해당없음,해당없음,해당없음,7,,,,,해당없음,해당없음,해당없음,7,7,,,7,,,,7,,,,해당없음,해당없음,해당없음,해당없음,7,해당없음,해당없음,해당없음,해당없음,해당없음,해당없음,해당없음,해당없음,해당없음,해당없음,7,해당없음,해당없음,해당없음,해당없음,해당없음,해당없음,0,0,0,0,2400,0,350,500,500,100,0,0,0,0,3850,해당없음,20000,해당없음,해당없음
2046-09000100,해당없음,해당없음,해당없음,해당없음,해당없음,7,,,,,해당없음,해당없음,7,7,,,7,,,,7,,,,해당없음,해당없음,해당없음,7,해당없음,해당없음,해당없음,해당없음,해당없음,해당없음,해당없음,해당없음,7,해당없음,해당없음,해당없음,해당없음,해당없음,해당없음,0,0,0,0,해당없음,해당없음,해당없음,해당없음,해당없음,7,,,,,해당없음,해당없음,7,7,,,7,,,,7,,,,해당없음,해당없음,해당없음,7,해당없음,해당없음,해당없음,해당없음,해당없음,해당없음,해당없음,해당없음,7,해당없음,해당없음,해당없음,해당없음,해당없음,해당없음,0,0,0,0,3,해당없음,750,해당없음,750,해당없음,4950,4,,,,,해당없음,750,20000,1,1,,,1,,,,2,,,,10,0,0,0,7,해당없음,해당없음,0,해당없음,해당없음,해당없음,해당없음,해당없음,해당없음,0,7,해당없음,해당없음,해당없음,해당없음,해당없음,해당없음,200,0,0,200,12000,2000,200,0,3000,0,0,0,0,0,17200,해당없음,해당없음,해당없음,750
2047-09000100,해당없음,해당없음,해당없음,해당없음,해당없음,7,,,,,해당없음,해당없음,7,7,,,7,,,,7,,,,해당없음,해당없음,해당없음,7,해당없음,해당없음,해당없음,해당없음,해당없음,해당없음,해당없음,해당없음,7,해당없음,해당없음,해당없음,해당없음,해당없음,해당없음,0,0,0,0,해당없음,해당없음,해당없음,해당없음,해당없음,7,,,,,해당없음,해당없음,7,7,,,7,,,,7,,,,해당없음,해당없음,해당없음,7,해당없음,해당없음,해당없음,해당없음,해당없음,해당없음,해당없음,해당없음,7,해당없음,해당없음,해당없음,해당없음,해당없음,해당없음,0,0,0,0,3,해당없음,750,해당없음,750,해당없음,4950,4,,,,,해당없음,750,35000,2,1,,,1,,,,1,,,,10,해당없음,0,해당없음,7,해당없음,해당없음,0,해당없음,해당없음,해당없음,해당없음,해당없음,해당없음,0,7,해당없음,해당없음,해당없음,해당없음,해당없음,해당없음,300,0,0,300,18000,3000,300,0,3000,0,0,0,0,0,24300,해당없음,해당없음,해당없음,750
2049-09000100,해당없음,해당없음,해당없음,해당없음,해당없음,7,,,,,해당없음,해당없음,7,7,,,7,,,,7,,,,해당없음,해당없음,해당없음,7,해당없음,해당없음,해당없음,해당없음,해당없음,해당없음,해당없음,해당없음,7,해당없음,해당없음,해당없음,해당없음,해당없음,해당없음,0,0,0,0,3,50000,50000,3696,해당없음,1,,,,,50000,20000,2,1,,,1,,,,2,,,,9,해당없음,해당없음,7,해당없음,해당없음,5,0,5,0,0,해당없음,4,해당없음,해당없음,해당없음,해당없음,해당없음,해당없음,500,0,0,500,해당없음,해당없음,해당없음,해당없음,해당없음,해당없음,해당없음,7,,,,,해당없음,해당없음,해당없음,7,7,,,7,,,,7,,,,해당없음,해당없음,해당없음,해당없음,7,해당없음,해당없음,해당없음,해당없음,해당없음,해당없음,해당없음,해당없음,해당없음,해당없음,7,해당없음,해당없음,해당없음,해당없음,해당없음,해당없음,0,0,0,0,2000,500,500,100,200,200,0,300,0,0,3800,해당없음,50000,해당없음,해당없음
2057-09000100,해당없음,해당없음,해당없음,해당없음,해당없음,7,,,,,해당없음,해당없음,7,7,,,7,,,,7,,,,해당없음,해당없음,해당없음,7,해당없음,해당없음,해당없음,해당없음,해당없음,해당없음,해당없음,해당없음,7,해당없음,해당없음,해당없음,해당없음,해당없음,해당없음,0,0,0,0,3,65000,60000,2985,해당없음,1,,,,,60000,24000,2,1,,,1,,,,1,,,,9,해당없음,해당없음,7,해당없음,해당없음,해당없음,해당없음,해당없음,해당없음,해당없음,해당없음,4,해당없음,30,520,2500,해당없음,해당없음,700,0,0,700,해당없음,해당없음,해당없음,해당없음,해당없음,해당없음,해당없음,7,,,,,해당없음,해당없음,해당없음,7,7,,,7,,,,7,,,,해당없음,해당없음,해당없음,해당없음,7,해당없음,해당없음,해당없음,해당없음,해당없음,해당없음,해당없음,해당없음,해당없음,해당없음,7,해당없음,해당없음,해당없음,해당없음,해당없음,해당없음,0,0,0,0,1100,1300,700,80,80,300,0,0,자재비,4000,7560,해당없음,60000,해당없음,해당없음
2058-09000100,3,150,150,967,해당없음,1,,,,,150,해당없음,2,1,,,1,,,,1,,,,해당없음,0,0,7,해당없음,150,해당없음,해당없음,해당없음,해당없음,해당없음,0,7,해당없음,1,1,300,해당없음,해당없음,200,0,0,200,9,30000,30000,967,해당없음,1,,,,,15000,12000,2,1,,,1,,,,1,,,,해당없음,해당없음,해당없음,7,해당없음,30000,5,0,5,0,0,해당없음,4,해당없음,해당없음,해당없음,해당없음,해당없음,해당없음,200,0,0,200,해당없음,해당없음,해당없음,해당없음,해당없음,해당없음,해당없음,7,,,,,해당없음,해당없음,해당없음,7,7,,,7,,,,7,,,,해당없음,해당없음,해당없음,해당없음,7,해당없음,해당없음,해당없음,해당없음,해당없음,해당없음,해당없음,해당없음,해당없음,해당없음,7,해당없음,해당없음,해당없음,해당없음,해당없음,해당없음,0,0,0,0,700,300,400,100,2200,300,0,0,0,0,4000,150,30000,해당없음,해당없음
2060-09000100,해당없음,해당없음,해당없음,해당없음,해당없음,7,,,,,해당없음,해당없음,7,7,,,7,,,,7,,,,해당없음,해당없음,해당없음,7,해당없음,해당없음,해당없음,해당없음,해당없음,해당없음,해당없음,해당없음,7,해당없음,해당없음,해당없음,해당없음,해당없음,해당없음,0,0,0,0,해당없음,해당없음,해당없음,해당없음,해당없음,7,,,,,해당없음,해당없음,7,7,,,7,,,,7,,,,해당없음,해당없음,해당없음,7,해당없음,해당없음,해당없음,해당없음,해당없음,해당없음,해당없음,해당없음,7,해당없음,해당없음,해당없음,해당없음,해당없음,해당없음,0,0,0,0,4,25000,해당없음,25000,해당없음,해당없음,858,4,,,,,15000,해당없음,1200,2,1,,,2,,,,1,,,,9,해당없음,해당없음,해당없음,7,해당없음,1500,해당없음,30,0,0,30,0,10000,해당없음,4,해당없음,30,30,1255,해당없음,해당없음,30,0,0,30,120,125,30,0,290,30,0,0,0,0,595,해당없음,해당없음,20000,해당없음
2068-09000100,해당없음,해당없음,해당없음,해당없음,해당없음,7,,,,,해당없음,해당없음,7,7,,,7,,,,7,,,,해당없음,해당없음,해당없음,7,해당없음,해당없음,해당없음,해당없음,해당없음,해당없음,해당없음,해당없음,7,해당없음,해당없음,해당없음,해당없음,해당없음,해당없음,0,0,0,0,3,1600,1600,해당없음,10000,3,,,,,1600,640,1,1,,,2,,,,1,,,,9,해당없음,해당없음,7,해당없음,해당없음,해당없음,해당없음,해당없음,해당없음,해당없음,해당없음,4,해당없음,해당없음,해당없음,해당없음,해당없음,해당없음,5,0,0,5,해당없음,해당없음,해당없음,해당없음,해당없음,해당없음,해당없음,7,,,,,해당없음,해당없음,해당없음,7,7,,,7,,,,7,,,,해당없음,해당없음,해당없음,해당없음,7,해당없음,해당없음,해당없음,해당없음,해당없음,해당없음,해당없음,해당없음,해당없음,해당없음,7,해당없음,해당없음,해당없음,해당없음,해당없음,해당없음,0,0,0,0,30,0,5,0,120,0,0,0,0,0,155,해당없음,21600,해당없음,해당없음
2071-09000100,해당없음,해당없음,해당없음,해당없음,해당없음,7,,,,,해당없음,해당없음,7,7,,,7,,,,7,,,,해당없음,해당없음,해당없음,7,해당없음,해당없음,해당없음,해당없음,해당없음,해당없음,해당없음,해당없음,7,해당없음,해당없음,해당없음,해당없음,해당없음,해당없음,0,0,0,0,3,18000,18000,320,해당없음,1,,,,,1600,3500,1,1,,,3,,,양파망,1,,,,9,해당없음,해당없음,7,해당없음,2000,해당없음,해당없음,해당없음,해당없음,해당없음,해당없음,7,해당없음,0,500,600,해당없음,해당없음,200,0,0,200,해당없음,해당없음,해당없음,해당없음,해당없음,해당없음,해당없음,7,,,,,해당없음,해당없음,해당없음,7,7,,,7,,,,7,,,,해당없음,해당없음,해당없음,해당없음,7,해당없음,해당없음,해당없음,해당없음,해당없음,해당없음,해당없음,해당없음,해당없음,해당없음,7,해당없음,해당없음,해당없음,해당없음,해당없음,해당없음,0,0,0,0,400,600,200,0,100,50,0,0,폐각구입비,700,2050,해당없음,8000,해당없음,해당없음
2077-09000100,3,150,150,967,해당없음,1,,,,,150,해당없음,7,7,,,7,,,,7,,,,해당없음,0,해당없음,7,해당없음,150,해당없음,해당없음,해당없음,해당없음,해당없음,0,7,해당없음,1,1,300,해당없음,해당없음,50,0,0,50,9,30000,30000,967,해당없음,1,,,,,15000,12000,1,1,,,1,,,,1,,,,해당없음,해당없음,해당없음,7,해당없음,30000,5,0,5,0,0,0,4,해당없음,해당없음,해당없음,해당없음,해당없음,해당없음,50,0,0,50,해당없음,해당없음,해당없음,해당없음,해당없음,해당없음,해당없음,7,,,,,해당없음,해당없음,해당없음,7,7,,,7,,,,7,,,,해당없음,해당없음,해당없음,해당없음,7,해당없음,해당없음,해당없음,해당없음,해당없음,해당없음,해당없음,해당없음,해당없음,해당없음,7,해당없음,해당없음,해당없음,해당없음,해당없음,해당없음,0,0,0,0,700,200,100,0,2200,300,0,0,0,0,3500,150,30000,해당없음,해당없음
2078-09000100,해당없음,해당없음,해당없음,해당없음,해당없음,7,,,,,해당없음,해당없음,7,7,,,7,,,,7,,,,해당없음,해당없음,해당없음,7,해당없음,해당없음,해당없음,해당없음,해당없음,해당없음,해당없음,해당없음,4,해당없음,해당없음,해당없음,해당없음,해당없음,해당없음,0,0,0,0,3,20000,20000,1419,해당없음,1,,,,,18000,47000,1,1,,,2,,,,1,,,,9,해당없음,해당없음,7,해당없음,2000,해당없음,해당없음,해당없음,해당없음,해당없음,해당없음,4,해당없음,해당없음,해당없음,해당없음,해당없음,해당없음,300,0,0,300,해당없음,해당없음,해당없음,해당없음,해당없음,해당없음,해당없음,7,,,,,해당없음,해당없음,해당없음,7,7,,,7,,,,7,,,,해당없음,해당없음,해당없음,해당없음,7,해당없음,해당없음,해당없음,해당없음,해당없음,해당없음,해당없음,해당없음,해당없음,해당없음,4,해당없음,해당없음,해당없음,해당없음,해당없음,해당없음,0,0,0,0,2100,300,300,0,50,20,0,1000,패각,100,3870,해당없음,20000,해당없음,해당없음
2079-09000100,해당없음,해당없음,해당없음,해당없음,해당없음,7,,,,,해당없음,해당없음,7,7,,,7,,,,7,,,,해당없음,해당없음,해당없음,7,해당없음,해당없음,해당없음,해당없음,해당없음,해당없음,해당없음,해당없음,7,해당없음,해당없음,해당없음,해당없음,해당없음,해당없음,0,0,0,0,3,20000,20000,1800,해당없음,1,,,,,20000,8000,1,1,,,2,,,,1,,,,9,해당없음,해당없음,7,해당없음,1500,해당없음,해당없음,해당없음,해당없음,해당없음,해당없음,4,해당없음,해당없음,해당없음,해당없음,해당없음,해당없음,100,0,0,100,해당없음,해당없음,해당없음,해당없음,해당없음,해당없음,해당없음,7,,,,,해당없음,해당없음,해당없음,7,7,,,7,,,,7,,,,해당없음,해당없음,해당없음,해당없음,7,해당없음,해당없음,해당없음,해당없음,해당없음,해당없음,해당없음,해당없음,해당없음,해당없음,7,해당없음,해당없음,해당없음,해당없음,해당없음,해당없음,0,0,0,0,5300,500,100,0,50,70,0,300,패각,1500,7820,해당없음,20000,해당없음,해당없음
2087-08000100,2,10000,1000,30,해당없음,6,,,,포자배양실,300,900,2,3,,,1,,,,1,,,,3,0,0,7,해당없음,0,해당없음,해당없음,해당없음,해당없음,해당없음,해당없음,4,해당없음,5,해당없음,해당없음,해당없음,해당없음,0,0,0,0,해당없음,해당없음,해당없음,해당없음,해당없음,7,,,,,해당없음,해당없음,7,7,,,7,,,,7,,,,해당없음,해당없음,해당없음,7,해당없음,해당없음,해당없음,해당없음,해당없음,해당없음,해당없음,해당없음,7,해당없음,해당없음,해당없음,해당없음,해당없음,해당없음,0,0,0,0,해당없음,해당없음,해당없음,해당없음,해당없음,해당없음,해당없음,7,,,,,해당없음,해당없음,해당없음,7,7,,,7,,,,7,,,,해당없음,해당없음,해당없음,해당없음,7,해당없음,해당없음,해당없음,해당없음,해당없음,해당없음,해당없음,해당없음,해당없음,해당없음,7,해당없음,해당없음,해당없음,해당없음,해당없음,해당없음,0,0,0,0,2000,0,0,200,0,200,0,0,0,0,2400,15000,해당없음,해당없음,해당없음
2156-01000100,해당없음,해당없음,해당없음,해당없음,해당없음,7,,,,,7,7,7,7,,,7,,,,7,,,,해당없음,해당없음,해당없음,7,해당없음,해당없음,해당없음,해당없음,해당없음,해당없음,해당없음,해당없음,7,해당없음,해당없음,해당없음,해당없음,해당없음,해당없음,해당없음,해당없음,해당없음,해당없음,해당없음,해당없음,해당없음,해당없음,해당없음,7,,,,,7,7,7,7,,,7,,,,7,,,,해당없음,해당없음,해당없음,7,해당없음,해당없음,해당없음,해당없음,해당없음,해당없음,해당없음,해당없음,7,해당없음,해당없음,해당없음,해당없음,해당없음,해당없음,해당없음,해당없음,해당없음,해당없음,1,1700000,해당없음,1700000,무응답,1494,353,1,,,,,0,0,0,7,7,,,7,,,,7,,,,해당없음,해당없음,해당없음,해당없음,7,해당없음,1700000,무응답,해당없음,해당없음,해당없음,해당없음,해당없음,0,0,3,26,해당없음,해당없음,해당없음,해당없음,해당없음,1800,0,0,1800,15000,600,1800,1200,6500,350,0,500,굴껍질,8840,34790,해당없음,해당없음,1700000,무응답
2601-11000100,해당없음,해당없음,해당없음,해당없음,해당없음,7,,,,,해당없음,해당없음,7,7,,,7,,,,7,,,,해당없음,해당없음,해당없음,7,해당없음,해당없음,해당없음,해당없음,해당없음,해당없음,해당없음,해당없음,7,해당없음,해당없음,해당없음,해당없음,해당없음,해당없음,해당없음,해당없음,해당없음,해당없음,해당없음,해당없음,해당없음,해당없음,해당없음,7,,,,,해당없음,해당없음,7,7,,,7,,,,7,,,,해당없음,해당없음,해당없음,7,해당없음,해당없음,해당없음,해당없음,해당없음,해당없음,해당없음,해당없음,7,해당없음,해당없음,해당없음,해당없음,해당없음,해당없음,해당없음,해당없음,해당없음,해당없음,1,15000000,해당없음,1500000,해당없음,1831,해당없음,7,,,,,1200000,해당없음,36000,1,1,,,1,,,,1,,,,9,해당없음,해당없음,해당없음,7,해당없음,해당없음,해당없음,20,10,10,0,0,해당없음,해당없음,7,26,해당없음,해당없음,해당없음,해당없음,해당없음,2000,0,0,2000,13000,580,2000,1100,3600,500,0,420,굴껍질,90000,30200,0,0,1500000,해당없음
0242-07000100,해당없음,해당없음,해당없음,해당없음,해당없음,7,,,,,해당없음,해당없음,7,7,,,7,,,,7,,,,해당없음,해당없음,해당없음,7,해당없음,해당없음,해당없음,해당없음,해당없음,해당없음,해당없음,해당없음,7,해당없음,해당없음,해당없음,해당없음,해당없음,해당없음,해당없음,해당없음,해당없음,해당없음,해당없음,해당없음,해당없음,해당없음,해당없음,7,,,,,해당없음,해당없음,7,7,,,7,,,,7,,,,해당없음,해당없음,해당없음,7,해당없음,해당없음,해당없음,해당없음,해당없음,해당없음,해당없음,해당없음,7,해당없음,해당없음,해당없음,해당없음,해당없음,해당없음,해당없음,해당없음,해당없음,해당없음,3,130000,해당없음,350000,해당없음,1201,1093,1,,,,,350000,해당없음,70000,1,1,,,3,,,생산자,1,,,,9,해당없음,해당없음,해당없음,7,해당없음,해당없음,해당없음,3,3,0,0,0,10000,해당없음,1,모름,해당없음,해당없음,해당없음,해당없음,해당없음,2500,해당없음,해당없음,2500,6000,4000,2500,3000,1000,1500,해당없음,1000,모름,2000,21000,해당없음,해당없음,150000,해당없음
